,id_bacha,id_interno,name_interno,Unnamed: 3,precio_bacha,Unnamed: 5,Unnamed: 6,Unnamed: 7,Unnamed: 8,Unnamed: 9,Unnamed: 10,Unnamed: 11,Unnamed: 12,Unnamed: 13,Unnamed: 14,Unnamed: 15,Unnamed: 16,Unnamed: 17,Unnamed: 18,Unnamed: 19,Unnamed: 20,Unnamed: 21,Unnamed: 22,Unnamed: 23
0,LC058.0013,2408,3M SCOTCH BRITE RODILLO SACAPELUSAS X 56 HOJAS,21.0,0.0,0.0,186.0,155.0,0.0,240.0,$,,,VARIOS,,EL BACHA,SCOTCH BRITE,,,,,,,SCOTCH BRITE CEPILLOS
1,LL108.0008,1489,8M AEROSOL MULTILUSTRADOR X 400 CC **,21.0,24.2,40.0,125.0,125.4,0.0,125.0,$,,,LUSTRAMUEBLES,,EL BACHA,BLEM,,,,,,,BLEM AEROSOL
2,LC035.0004,1314,8M CERA AUTOBRILLO NEGRA BIDON X 5 LTS **,21.0,1529.0,45.0,2217.05,0.0,0.0,0.0,$,,,CERAS Y REMOVEDORES,,EL BACHA,8 M,,,,,,,8 M CERAS
3,LC035.0005,1315,8M CERA AUTOBRILLO ROJO BIDON X 5 LTS **,21.0,1529.0,45.0,2217.05,0.0,0.0,0.0,$,,,CERAS Y REMOVEDORES,,EL BACHA,8 M,,,,,,,8 M CERAS
4,LC035.0003,1313,8M CERA INCOLORA BIDON X 5 L (4UXB)**,21.0,1529.0,45.0,2217.05,0.0,0.0,0.0,$,,,CERAS Y REMOVEDORES,,EL BACHA,8 M,,,,,,,8 M CERAS
5,LL104.0008,1914,8M REMOVEDOR DE CERAS UNIVERSAL JATO X 5 LTS **,21.0,2145.0,50.0,3217.5,0.0,0.0,0.0,$,,,CERAS Y REMOVEDORES,,EL BACHA,JATO,,,,,,,8M REMOVEDOR CERA
6,LD051.0001,1373,ALA DETERGENTE LAVAVAJILLA ALOE VERA X 750CC (15UXB)**,21.0,65.9,45.0,99.0,0.0,0.0,0.0,$,,,DETERGENTES,,EL BACHA,ALA,,,,,,,ALA DETERGENTE
7,LD052.0008,1378,ALA DETERGENTE LAVAVAJILLA GLICERINA BIDON X 4 LTS **,21.0,358.0,45.0,536.0,0.0,0.0,0.0,$,,,DETERGENTES,,EL BACHA,ALA,,,,,,,ALA DETERGENTE
8,LD051.0010,1374,ALA DETERGENTE LAVAVAJILLA GLICERINA ROSA X 750 CC (15UXB) **,21.0,65.9,45.0,99.0,0.0,0.0,0.0,$,,,DETERGENTES,,EL BACHA,ALA,,,,,,,ALA DETERGENTE
9,LJ002.0003,3756,ALA JABON EN PAN 200 GRS **,21.0,0.0,0.0,51.0,51.0,0.0,50.0,$,,,JABONES -ROPA- MANOS,,EL BACHA,ALA,,,,,,,ALA ESPUMA JABON EN PAN
10,LJ001.0003,4107,ALA JABON EN PAN 200 GRS X 2 UNID (42UXB) **,21.0,83.6,45.0,121.22,0.0,0.0,0.0,$,,,JABON EN PAN,,EL BACHA,ALA,,,,,,,ALA ESPUMA JABON EN PAN
11,LD061.0019,3160,ALA JABON EN POLVO REGULAR (LAVADO A MANO) X 800GR (24UXB) **,21.0,126.5,45.0,183.43,0.0,0.0,190.0,$,,2.0,JABONES PARA ROPA,,EL BACHA,ALA,,,,,,,ALA DETERGENTE EN POLVO
12,LD065.0018,1367,ALA MATIC JABON EN POLVO AZUL X 3 KG (6UXB)**,21.0,434.5,45.0,630.03,0.0,0.0,0.0,$,,,JABONES PARA ROPA,,EL BACHA,ALA,,,,,,,ALA MATIC JABON EN POLVO
13,LD064.0022,4065,"ALA MATIC JABON EN POLVO B/E ""PERLAS"" 800 GRS (24UXB) **",21.0,134.2,45.0,194.59,150.0,0.0,190.0,$,,,JABONES PARA ROPA,,EL BACHA,ALA,,,,,,,ALA MATIC JABON EN POLVO
14,LD065.0035,1369,ALA MATIC JABON EN POLVO INDUSTRIAL X 10 KGS **,21.0,1083.5,45.0,1571.08,0.0,0.0,1632.0,$,,,JABONES PARA ROPA,,EL BACHA,ALA,,,,,,,ALA MATIC JABON EN POLVO
15,LD065.0030,1368,ALA MATIC JABON EN POLVO X 5 KG (4UXB)**,21.0,792.0,45.0,1148.4,0.0,0.0,1148.0,$,,,JABONES PARA ROPA,,EL BACHA,ALA,,,,,,,ALA MATIC JABON EN POLVO
16,LD070.0040,4018,ALA MATIC JABON LIQUIDO DOY PACK 3 LTS (4XB) **,21.0,434.5,45.0,630.03,0.0,0.0,658.0,$,,,JABONES PARA ROPA,,EL BACHA,ALA,,,,,,,ALA MATIC LIQUIDO DOYPACK
17,LD070.0037,4031,ALA MATIC JABON LIQUIDO DOY PACK 800ML (12XB) **,21.0,148.5,45.0,215.33,0.0,0.0,207.0,$,,,JABONES PARA ROPA,,EL BACHA,ALA,,,,,,,ALA MATIC LIQUIDO
18,LD005.0009,1410,AYUDIN AEROSOL DESINFECT BEBE X 332 CC,21.0,0.0,0.0,1.0,550.0,0.0,1.0,$,,,BACTERICIDAS Y DESINFECTANTES,,EL BACHA,AYUDIN,,,,,,,AYUDIN DESINFECTANTE AERO
19,LD005.0007,1409,AYUDIN AEROSOL DESINFECT ORIG X 332 CC,21.0,0.0,0.0,163.0,550.0,0.0,1.0,$,,,BACTERICIDAS Y DESINFECTANTES,,EL BACHA,AYUDIN,,,,,,,AYUDIN DESINFECTANTE AERO
20,LL071.0002,1420,AYUDIN ANTIHONGOS DOYPACK X 500 CC **,21.0,71.5,45.0,103.68,0.0,0.0,0.0,$,,,LIMPIADORES DE BAÑO E INODORO,,EL BACHA,AYUDIN,,,,,,,AYUDIN LIMPIADOR ANTIHONGOS
21,LL070.0001,1418,AYUDIN ANTIHONGOS GATILLO X 500 CC **,21.0,0.0,0.0,199.0,155.0,0.0,199.0,$,,,LIMPIADORES DE BAÑO E INODORO,,EL BACHA,AYUDIN,,,,,,,AYUDIN LIMPIADOR ANTIHONGOS
22,LL080.0004,1425,AYUDIN BAÑO DOYPACK X 500 CC,21.0,0.0,0.0,104.0,0.0,0.0,104.0,$,,,LIMPIADORES DE BAÑO E INODORO,,EL BACHA,AYUDIN,,,,,,,AYUDIN LIMPIADOR BAÑO
23,LL079.0002,1423,AYUDIN BAÑO MAX GATILLO X 500 CC,21.0,0.0,0.0,231.0,0.0,0.0,0.0,$,,,LIMPIADORES DE BAÑO E INODORO,,EL BACHA,AYUDIN,,,,,,,AYUDIN LIMPIADOR BAÑO
24,LD032.0006,3125,AYUDIN CANASTA LIMPIA INODOROS 20 GRS. (36UXB)**,21.0,92.4,45.0,134.0,0.0,0.0,0.0,$,,,CANASTAS PARA INODOROS,,EL BACHA,AYUDIN,,,,,,,AYUDIN LIMPIAINODORO
25,LL067.0006,1416,AYUDIN COCINA/ANTIG DOYPACK X 900 CC,21.0,96.8,45.0,140.36,0.0,0.0,134.0,$,,,DESENGRASANTES,,EL BACHA,AYUDIN,,,,,,,AYUDIN LIMPIADOR ANTIGRASA
26,LL066.0003,1414,AYUDIN COCINA/ANTIG GATILLO X 500 CC,21.0,0.0,0.0,174.0,0.0,0.0,174.0,$,,,DESENGRASANTES,,EL BACHA,AYUDIN,,,,,,,AYUDIN LIMPIADOR ANTIGRASA
27,LL044.0012,1444,AYUDIN LAVANDINA EN  GEL CITRUS X 700 ML **,21.0,0.0,0.0,142.5,0.0,0.0,0.0,$,,,LAVANDINAS Y CLORO,,EL BACHA,AYUDIN,,,,,,,AYUDIN LAVANDINA
28,LL044.0015,4449,AYUDIN LAVANDINA EN GEL LAVANDA X 700 ML **,21.0,98.3,45.0,142.54,0.0,0.0,0.0,$,,,LAVANDINAS Y CLORO,,EL BACHA,AYUDIN,,,,,,,AYUDIN LAVANDINA
29,LL044.0020,1443,AYUDIN LAVANDINA EN GEL ORIGINAL X 700 ML (15UXB)**,21.0,96.8,45.0,140.36,0.0,0.0,140.0,$,,,LAVANDINAS Y CLORO,,EL BACHA,AYUDIN,,,,,,,AYUDIN LAVANDINA
30,LL038.0035,3170,AYUDIN LAVANDINA MAXIMA PUREZA/CLASICA X 1 LT (15UXB) **,21.0,54.9,45.0,79.61,0.0,0.0,0.0,$,,,LAVANDINAS Y CLORO,,EL BACHA,AYUDIN,,,,,,,AYUDIN LAVANDINA
31,LL038.0035,3104,AYUDIN LAVANDINA MAXIMA PUREZA/CLASICA X 2 LTS M**,21.0,112.0,45.0,162.4,110.0,0.0,168.0,$,,,LAVANDINAS Y CLORO,,EL BACHA,AYUDIN,,,,,,,AYUDIN LAVANDINA
32,LL040.0010,2967,"AYUDIN LAVANDINA ROPA BLANCA ""BLANCOS INTENSOS"" X 1 LT **",21.0,96.8,45.0,140.36,0.0,0.0,140.0,$,,,LAVANDINAS Y CLORO,,EL BACHA,AYUDIN,,,,,,,AYUDIN LAVANDINA ROPA BLANCA
33,LL040.0012,2968,AYUDIN LAVANDINA ROPA BLANCA X 2 LT **,21.0,0.0,0.0,279.0,167.0,0.0,279.0,$,,,LAVANDINAS Y CLORO,,EL BACHA,AYUDIN,,,,,,,AYUDIN LAVANDINA ROPA BLANCA
34,LL038.0037,1430,AYUDIN LAVANDINA X 4 LTS BIDON (3UXB) M**,21.0,229.89,45.0,333.34,243.0,0.0,243.0,$,,,LAVANDINAS Y CLORO,,EL BACHA,AYUDIN,,,,,,,AYUDIN LAVANDINA
35,LP080.0006,1450,AYUDIN QUITAMANCHA COLORES VIVOS SIN LAVANDINA X 700CC   **,21.0,175.0,45.0,253.75,150.0,0.0,160.0,$,,,LAVANDINAS Y CLORO,,EL BACHA,AYUDIN,,,,,,,AYUDIN LAVANDINA ROPA COLOR
36,LP080.0007,4578,AYUDIN QUITAMANCHAS ROPA COLOR 1500 ML **,21.0,295.9,45.0,429.06,0.0,0.0,0.0,$,,,QUITAMANCHAS Y PRELAVADOS,,EL BACHA,AYUDIN,,,,,,,AYUDIN QUITAMANCHAS
37,LL042.0012,4485,AYUDIN QUITAMANCHAS ROPA COLOR DOY PACK 400 ML,21.0,0.0,0.0,110.0,0.0,0.0,0.0,$,,,QUITAMANCHAS Y PRELAVADOS,,EL BACHA,AYUDIN,,,,,,,AYUDIN QUITAMANCHAS
38,LL042.0016,4395,AYUDIN QUITAMANCHAS ROPA COLOR DOY PACK 650 CC,21.0,130.9,45.0,189.81,0.0,0.0,0.0,$,,,QUITAMANCHAS Y PRELAVADOS,,EL BACHA,AYUDIN,,,,,,,AYUDIN QUITAMANCHAS
39,LT010.0001,1452,"AYUDIN TOALLAS DESINFECTANTE ""FRESCA"" TUBO X 35UNID M**",21.0,207.9,45.0,301.46,0.0,0.0,0.0,$,,,BACTERICIDAS Y DESINFECTANTES,,EL BACHA,AYUDIN,,,,,,,AYUDIN TOALLAS DESINFECTANTES
40,LT010.0002,4588,"AYUDIN TOALLAS DESINFECTANTE ""LIMON"" TUBO X 35UNID M**",21.0,207.9,45.0,301.46,0.0,0.0,0.0,$,,,BACTERICIDAS Y DESINFECTANTES,,EL BACHA,AYUDIN,,,,,,,AYUDIN TOALLAS DESINFECTANTES
41,LT010.0006,1453,"AYUDIN TOALLAS DESINFECTANTES REPUESTO ""FRESCA"" X 35 UNID M**",21.0,170.5,45.0,247.23,0.0,0.0,301.0,$,,,BACTERICIDAS Y DESINFECTANTES,,EL BACHA,AYUDIN,,,,,,,AYUDIN TOALLAS DESINFECTANTES
42,LT010.0007,3109,"AYUDIN TOALLAS DESINFECTANTES REPUESTO ""LIMON"" X 35 UD M**",21.0,170.5,45.0,247.23,135.0,0.0,247.0,$,,,BACTERICIDAS Y DESINFECTANTES,,EL BACHA,AYUDIN,,,,,,,AYUDIN TOALLAS DESINFECTANTES
43,LC034.0003,1480,BLEM CERA ACRILICA BRILLO INTENSO X 800CC **,21.0,368.5,45.0,534.33,0.0,0.0,0.0,$,,,CERAS Y REMOVEDORES,,EL BACHA,BLEM,,,,,,,BLEM GLO COT CERA X 900
44,LC031.0025,1473,BLEM CERA AUTOBRILLO INCOLORA X 800 CC (12UXB) **,21.0,280.5,45.0,406.73,0.0,0.0,0.0,$,,,CERAS Y REMOVEDORES,,EL BACHA,BLEM,,,,,,,BLEM GLO COT CERA X 900
45,LC032.0020,4025,BLEM CERA AUTOBRILLO INCOLORO X 5 LTS (4UXB) M**,21.0,1133.0,45.0,1642.85,0.0,0.0,0.0,$,,,CERAS Y REMOVEDORES,,EL BACHA,BLEM,,,,,,,BLEM CERA MADERA
46,LC031.0029,1477,BLEM CERA AUTOBRILLO X 800 CC NEGRA **,21.0,280.5,45.0,406.73,0.0,0.0,371.0,$,,,CERAS Y REMOVEDORES,,EL BACHA,BLEM,,,,,,,BLEM GLO COT CERA X 900
47,LC031.0031,1479,BLEM CERA AUTOBRILLO X 800 CC ROJO **,21.0,280.5,45.0,406.73,0.0,0.0,371.0,$,,,CERAS Y REMOVEDORES,,EL BACHA,BLEM,,,,,,,BLEM GLO COT CERA X 900
48,LC025.0005,1483,BLEM CERA PARA MADERA X 1LT ROBLE CLARO **,21.0,401.5,45.0,582.0,0.0,0.0,0.0,$,,,CERAS Y REMOVEDORES,,EL BACHA,BLEM,,,,,,,BLEM GLO COT CERA X 900
49,LC025.0006,1484,BLEM CERA PARA MADERA X 1LT ROBLE OSCURO **,21.0,401.5,45.0,582.0,0.0,0.0,0.0,$,,,CERAS Y REMOVEDORES,,EL BACHA,BLEM,,,,,,,BLEM GLO COT CERA X 900
50,LC025.0004,1485,BLEM CERA PARA MADERA X 1LT UNIVERSAL **,21.0,401.5,45.0,582.0,0.0,0.0,0.0,$,,,CERAS Y REMOVEDORES,,EL BACHA,BLEM,,,,,,,BLEM GLO COT CERA X 900
51,LL087.0004,1488,BLEM ESPUMA SUPERFICIES DELICADAS X 235 CC,21.0,174.9,45.0,253.61,0.0,0.0,0.0,$,,,LIMPIADORES ESPECIFICOS,,EL BACHA,BLEM,,,,,,,BLEM ESPUMA
52,LL063.0005,1487,BLEM LIMPIADOR PISOS PLASTIFICADOS ALMENDRA X 800 CC **,21.0,163.9,45.0,237.66,0.0,0.0,0.0,$,,,PISOS PLASTIFICADOS Y FLOTANTES,,EL BACHA,BLEM,,,,,,,BLEM LIMPIADOR PARA PISOS
53,LL108.0016,1493,BLEM LUSTRA MUEBLES AEROSOL X 360 CC (12UXB)**,21.0,176.0,45.0,255.2,0.0,0.0,254.0,$,,,LUSTRAMUEBLES,,EL BACHA,BLEM,,,,,,,BLEM AEROSOL
54,LL108.0020,1492,BLEM LUSTRA MUEBLES AEROSOL X 360 CC NARANJA (12UXB) **,21.0,176.0,45.0,255.2,0.0,0.0,0.0,$,,,LUSTRAMUEBLES,,EL BACHA,BLEM,,,,,,,BLEM AEROSOL
55,LL108.0016,1490,BLEM LUSTRA MUEBLES AEROSOL X 360 CC ORIGINAL **,21.0,176.0,45.0,255.2,0.0,0.0,0.0,$,,,LUSTRAMUEBLES,,EL BACHA,BLEM,,,,,,,BLEM AEROSOL
56,LL109.0002,3282,BLEM LUSTRAMUEBLES CREMA 200 CM3,21.0,121.0,45.0,175.45,0.0,0.0,0.0,$,,,LUSTRAMUEBLES,,EL BACHA,BLEM,,,,,,,BLEM CREMA
57,LL109.0005,3653,BLEM LUSTRAMUEBLES CREMA LAVANDA 200 CM3,21.0,121.0,45.0,175.45,0.0,0.0,0.0,$,,,LUSTRAMUEBLES,,EL BACHA,BLEM,,,,,,,BLEM CREMA
58,LL084.0004,3810,BRASSO LIQUIDO 504 ML,21.0,0.0,0.0,295.0,295.0,0.0,295.0,$,,,LIMPIADORES ESPECIFICOS,,EL BACHA,BRASSO,,,,,,,BRASSO LIMPIAMETALES
59,LD077.0002,1512,CAMELLITO ALA MANO SACHET (AMARILLO) X 450 ML,21.0,0.0,0.0,163.0,0.0,0.0,163.0,$,,,JABONES PARA ROPA,,EL BACHA,CAMELLITO,,,,,,,CAMELLITO AMARILLO
60,LD077.0001,1511,CAMELLITO ALA MANO SACHET X 120 ML,21.0,0.0,0.0,163.0,126.0,0.0,163.0,$,,,JABONES PARA ROPA,,EL BACHA,CAMELLITO,,,,,,,CAMELLITO AMARILLO
61,LD078.0002,1515,CAMELLITO ALA MATIC SACHET ( ROSA ) X 450 ML,21.0,0.0,0.0,163.0,0.0,0.0,163.0,$,,,JABONES PARA ROPA,,EL BACHA,CAMELLITO,,,,,,,CAMELLITO MATIC
62,LL108.0029,1503,CERAMICOL AEROSOL LUSTRA MUEBLES X 360 CC **,21.0,137.5,45.0,199.38,0.0,0.0,0.0,$,,90463000114.0,LUSTRAMUEBLES,,EL BACHA,BRISHINE,,,,,,,BRISHINE LUSTRAMUEBLES
63,LC031.0058,1527,CERAMICOL CERA AUTOBRILLO  X 800 CC INCOLORO **,21.0,207.9,45.0,301.46,0.0,0.0,0.0,$,,,CERAS Y REMOVEDORES,,EL BACHA,CERAMICOL,,,,,,,CERAMICOL QUICK AUTOBRILLO
64,LC031.0060,1528,CERAMICOL CERA AUTOBRILLO  X 800 CC NEGRO **,21.0,207.9,45.0,301.46,0.0,0.0,0.0,$,,,CERAS Y REMOVEDORES,,EL BACHA,CERAMICOL,,,,,,,CERAMICOL QUICK AUTOBRILLO
65,LC031.0062,1529,CERAMICOL CERA AUTOBRILLO X 800 CC ROJO **,21.0,207.9,45.0,301.46,0.0,0.0,0.0,$,,,CERAS Y REMOVEDORES,,EL BACHA,CERAMICOL,,,,,,,CERAMICOL QUICK AUTOBRILLO
66,LD054.0017,1533,"CIF ACTIVE GEL 300 ML ""LIMON"" (12UXB)**",21.0,63.8,45.0,99.0,0.0,0.0,91.0,$,,,DETERGENTES,,EL BACHA,CIF,,,,,,,CIF ACTIVE GEL X 300 ML
67,LD054.0034,3651,"CIF ACTIVE GEL 500 ML ""LIMON"" (12UXB) **",21.0,134.0,45.0,201.0,0.0,0.0,0.0,$,,,DETERGENTES,,EL BACHA,CIF,,,,,,,CIF ACTIVE GEL X 500 ML
68,LD054.0055,3137,"CIF ACTIVE GEL 900ML ""LIMON"" (12UXB) **",21.0,207.9,45.0,312.0,0.0,0.0,312.0,$,,,DETERGENTES,,EL BACHA,CIF,,,,,,,CIF ACTIVE GEL X 900 ML
69,LD054.0055,3992,CIF ACTIVE GEL LIMON VERDE 900 ML,21.0,0.0,0.0,312.0,0.0,0.0,265.0,$,,,DETERGENTES,,EL BACHA,CIF,,,,,,,CIF ACTIVE GEL X 750 ML
70,LL068.0004,1552,CIF ANTIGRASA BIDON X 5 L M**,21.0,396.0,50.0,594.0,0.0,0.0,685.0,$,,,DESENGRASANTES,,EL BACHA,CIF,,,,,,,CIF ANTIGRASA
71,LL067.0011,1550,CIF ANTIGRASA BIODEGRADABLE DOY PACK X 450 ML **,21.0,64.4,45.0,93.38,0.0,0.0,96.0,$,,,DESENGRASANTES,,EL BACHA,CIF,,,,,,,CIF ANTIGRASA
72,LL066.0008,1553,CIF ANTIGRASA COCINA BIODEGRADABLE GATILLO X 500 ML **,21.0,133.09,45.0,192.98,0.0,0.0,174.0,$,,,DESENGRASANTES,,EL BACHA,CIF,,,,,,,CIF ANTIGRASA
73,LL066.0008,1549,CIF ANTIGRASA GATILLO X 500 ML (12UXB) **,21.0,136.4,45.0,197.78,0.0,0.0,205.0,$,,,DESENGRASANTES,,EL BACHA,CIF,,,,,,,CIF ANTIGRASA
74,LL080.0011,1560,CIF BAÑO DOYPACK X 450 CC,21.0,54.89,56.0,85.63,0.0,0.0,71.0,$,,,LIMPIADORES DE BAÑO E INODORO,,EL BACHA,CIF,,,,,,,CIF BAÑO
75,LL079.0007,1559,CIF BAÑO GATILLO X 500 CC,21.0,136.4,50.0,204.6,0.0,0.0,205.0,$,,,LIMPIADORES DE BAÑO E INODORO,,EL BACHA,CIF,,,,,,,CIF BAÑO
76,LL108.0033,4326,CIF BRILLO ANTIPOLVO DOY PACK  380CC M**,21.0,93.5,45.0,135.58,0.0,0.0,0.0,$,,,LUSTRAMUEBLES,,EL BACHA,CIF,,,,,,,CIF ANTIPOLVO
77,LL108.0034,4269,CIF BRILLO ANTIPOLVO GATILLO 400ML M**,21.0,148.5,50.0,222.75,0.0,0.0,247.0,$,,,LUSTRAMUEBLES,,EL BACHA,BLEM,,,,,,,CIF ANTIPOLVO
78,LL046.0012,1541,CIF CREMA C/LIMON X 750 GR,21.0,0.0,0.0,181.0,0.0,0.0,163.0,$,,,LIMPIADORES CREMOSOS,,EL BACHA,CIF,,,,,,,CIF CREMOSO
79,LL048.0011,1539,CIF CREMA ORIGINAL X 750 GR (12UXB) **,21.0,116.6,45.0,169.07,0.0,0.0,0.0,$,,,LIMPIADORES CREMOSOS,,EL BACHA,CIF,,,,,,,CIF CREMOSO
80,LL050.0005,1540,CIF CREMA X 3 KG,21.0,405.8,45.0,588.41,0.0,0.0,490.0,$,,,LIMPIADORES CREMOSOS,,EL BACHA,CIF,,,,,,,CIF CREMOSO
81,LL050.0010,1545,CIF GEL C/LAVANDINA BIDON X 2 LT **,21.0,405.9,45.0,588.56,0.0,0.0,569.0,$,,,LIMPIADORES ESPECIFICOS,,EL BACHA,CIF,,,,,,,CIF GEL
82,LL049.0007,1544,CIF GEL C/LAVANDINA X 500 ML (12UXB)**,21.0,126.5,45.0,183.43,0.0,0.0,0.0,$,,,LIMPIADORES CREMOSOS,,EL BACHA,CIF,,,,,,,CIF GEL
83,LL063.0011,4389,CIF LIMPIADOR PISOS PLASTIFICADOS DOY PACK 450 ML (15UXB)**,21.0,90.2,45.0,130.79,0.0,0.0,0.0,$,,,LIMPIADORES Y DESODORANTES DE PISO,,EL BACHA,CIF,,,,,,,CIF PISOS
84,LL063.0014,1558,CIF LIMPIADOR PISOS PLASTIFICADOS X 750 CC (12UXB) **,21.0,141.89,45.0,205.74,0.0,0.0,0.0,$,,,PISOS PLASTIFICADOS Y FLOTANTES,,EL BACHA,CIF,,,,,,,CIF PISOS
85,LL077.0003,1568,CIF VIDRIOS / MULTIUSO BIDON X 5 LTS M**,21.0,372.9,50.0,559.35,0.0,0.0,632.0,$,,,LIMPIADORES ESPECIFICOS,,EL BACHA,CIF,,,,,,,CIF VIDRIOS / MULTIUSOS
86,LL076.0008,1566,CIF VIDRIOS / MULTIUSO DOY PACK X 450 ML (15UXB) **,21.0,56.3,45.0,81.64,0.0,0.0,0.0,$,,,LIMPIADORES ESPECIFICOS,,EL BACHA,CIF,,,,,,,CIF VIDRIOS / MULTIUSOS
87,LL075.0007,1564,CIF VIDRIOS / MULTIUSO GATILLO X 500 ML (12UXB) **,21.0,152.9,45.0,221.71,0.0,0.0,0.0,$,,7791290789937.0,LIMPIADORES ESPECIFICOS,,EL BACHA,CIF,,,,,,,CIF VIDRIOS / MULTIUSOS
88,LC082.0009,3817,CLOROTEC ALGUICIDA MANTENIMIENTO 5 LTS **,21.0,2134.0,50.0,3201.0,0.0,0.0,2756.0,$,,,PILETAS,,EL BACHA,CLOROTEC,,,,,,,CLOROTEC ALGUICIDAS
89,LC082.0008,3799,CLOROTEC ALGUICIDA MANTENIMIENTO X 1 LT (12UXB) **,21.0,473.0,50.0,709.5,0.0,0.0,611.0,$,,,PILETAS,,EL BACHA,CLOROTEC,,,,,,,CLOROTEC ALGUICIDAS
90,LC082.0013,3800,CLOROTEC CLARIFICADOR X 1 LT (12UXB) **,21.0,390.5,50.0,585.75,0.0,0.0,503.0,$,,,PILETAS,,EL BACHA,CLOROTEC,,,,,,,CLOROTEC CLARIFICADOR
91,LC082.0014,3825,CLOROTEC CLARIFICADOR X 5 LTS **,21.0,1749.0,50.0,2623.5,1171.0,0.0,2244.0,$,,,PILETAS,,EL BACHA,CLOROTEC,,,,,,,CLOROTEC CLARIFICADOR
92,LC082.0033,3818,CLOROTEC CLORO SHOCK 1 KG **,21.0,1210.0,50.0,1815.0,0.0,0.0,1483.0,$,,,PILETAS,,EL BACHA,CLOROTEC,,,,,,,CLOROTEC CLORO
93,LC082.0024,3801,CLOROTEC PASTILLA DISOLUCION LENTA X 1 KG **,21.0,1243.0,50.0,1864.5,966.0,0.0,966.0,$,,,PILETAS,,EL BACHA,CLOROTEC,,,,,,,CLOROTEC CLORO
94,LC082.0043,3802,CLOROTEC PASTILLA TRIPLE ACCION X 1 KG **,21.0,1474.0,50.0,2211.0,0.0,0.0,1601.0,$,,,PILETAS,,EL BACHA,CLOROTEC,,,,,,,CLOROTEC CLORO
95,LC082.0028,3803,CLOROTEC TECNICO GRANULADO X1KG,21.0,1243.0,50.0,1864.5,0.0,0.0,1535.0,$,,,PILETAS,,EL BACHA,,,,,,,,
96,LP070.0008,4279,COBRA AUTOBRILLO NEGRO 60 CC **,21.0,0.0,0.0,235.0,0.0,0.0,0.0,$,,,LIMPIADORES DE CALZADO,,EL BACHA,COBRA,,,,,,,COBRA POMADA
97,LP070.0007,4275,COBRA POMADA MARRON GRANDE 65 GRS **,21.0,0.0,0.0,130.0,0.0,0.0,0.0,$,,,LIMPIADORES DE CALZADO,,EL BACHA,COBRA,,,,,,,COBRA POMADA
98,LS035.0008,4106,COMFORT CLASSIC SACHET X 3 L **,21.0,490.0,45.0,710.5,0.0,0.0,0.0,$,,,SUAVIZANTES,,EL BACHA,COMFORT,,,,,,,COMFORT SUAVIZANTES DOY PACK
99,LS032.0005,1610,COMFORT CLASSIC SACHETS 900 ML **,21.0,0.0,0.0,214.0,0.0,0.0,214.0,$,,,SUAVIZANTES,,EL BACHA,COMFORT,,,,,,,COMFORT SUAVIZANTES DOY PACK
100,LS035.0006,1612,COMFORT PROFESIONAL BIDON X 5 LTS,21.0,578.0,45.0,838.1,0.0,0.0,0.0,$,,,SUAVIZANTES,,EL BACHA,COMFORT,,,,,,,COMFORT SUAVIZANTE BIDON
101,LS005.0004,1635,DILON SECADOR GOMA BLANCO 28 CM **,21.0,180.4,45.0,261.58,0.0,0.0,239.0,$,,,SECADORES Y SOPAPAS,,EL BACHA,DILON,,,,,,,DILON SECADOR PARA PISO
102,LS005.0005,1636,DILON SECADOR GOMA BLANCO 40 CM (12UXB) **,21.0,209.0,60.0,334.4,191.0,0.0,272.0,$,,,SECADORES Y SOPAPAS,,EL BACHA,DILON,,,,,,,DILON SECADOR PARA PISO
103,LS005.0006,1637,DILON SECADOR GOMA BLANCO 50 CM (12UXB) **,21.0,258.5,60.0,413.6,238.0,0.0,338.0,$,,,SECADORES Y SOPAPAS,,EL BACHA,DILON,,,,,,,DILON SECADOR PARA PISO
104,LJ013.0030,4014,DIVERSEY SOFT CARE ALCOHOL EN GEL X 5 LTS,21.0,1155.0,50.0,1732.5,0.0,0.0,0.0,$,,,ALCOHOLES,,EL BACHA,JOHNSON,,,,,,,NEOCLEAN ALCOHOLES Y FAJINADORES
105,PA028.0007,3796,DONCELLA ALGODON X 140 GRS (20UXB)**,21.0,89.1,60.0,142.56,0.0,0.0,134.0,$,,,HIGIENE PERSONAL,,EL BACHA,DONCELLA,,,,,,,DONCELLA ALGODON
106,PA028.0009,3101,DONCELLA ALGODON X 500 GRS (10UXB) **,21.0,302.49,50.0,453.74,0.0,0.0,0.0,$,,,HIGIENE PERSONAL,,EL BACHA,DONCELLA,,,,,,,DONCELLA ALGODON
107,PA028.0006,3243,DONCELLA ALGODON X 70 GRS (40UXB)**,21.0,0.0,0.0,68.0,0.0,0.0,68.0,$,,,HIGIENE PERSONAL,,EL BACHA,DONCELLA,,,,,,,DONCELLA ALGODON
108,LL082.0008,1647,DRASTIK LIMPIA BAÑOS X 500 CC **,21.0,280.5,45.0,406.73,0.0,0.0,0.0,$,,,LIMPIADORES DE BAÑO E INODORO,,EL BACHA,DRASTIK,,,,,,,DRASTIK LIMPIA BAÑOS
109,LJ009.0002,3753,DUKE JABON HOTEL C/ENVOLTORIO X 20 GRS X 240 UD,21.0,0.0,0.0,1610.0,1610.0,0.0,1610.0,$,,,JABONES -ROPA- MANOS,,EL BACHA,DUKE,,,,,,,DUKE JABON HOTEL
110,LC029.0008,1669,ECHO CERA ACONDICIONADORA PROFESIONAL BIDON X 5 LTS (4UXB)**,21.0,735.9,45.0,1067.06,0.0,0.0,980.0,$,,,CERAS Y REMOVEDORES,,EL BACHA,ECHO,,,,,,,ECHO PROFESIONAL X 5L
111,LC028.0005,1667,ECHO ORIGINAL BOTELLA X 800 CC (12UXB)**,21.0,253.0,45.0,366.85,0.0,0.0,335.0,$,,,CERAS Y REMOVEDORES,,EL BACHA,ECHO,,,,,,,ECHO X 900 CC
112,LD087.0012,1695,EMEREL LIMPIADOR DESENGRASANTE X 5 L,21.0,1705.0,45.0,2472.25,0.0,0.0,2472.0,$,,,LIMPIADORES Y DESODORANTES DE PISO,,EL BACHA,EMEREL,,,,,,,EMEREL LIMPIADOR DESENGRASANTE
113,LE052.0003,1700,ESPONJA LAVA AUTOS GRANDE,21.0,71.5,100.0,143.0,100.0,0.0,100.0,$,,,AUTOMOTORES,,EL BACHA,EPSON,,,,,,,EPSON ESPONJA
114,LB016.0004,1701,EXTRACTO DE BLANCO TAPA CELESTE ROPA BLANCA X 200 GR **,21.0,295.9,60.0,473.44,0.0,0.0,427.0,$,,,QUITAMANCHAS Y PRELAVADOS,,EL BACHA,EXTRACTO DE BLANCO,,,,,,,EXTRACTO DE BLANCO ROPA
115,LB016.0006,1702,EXTRACTO DE BLANCO TAPA VERDE LANA/SINTETICO 200 GR **,21.0,383.9,60.0,614.0,429.0,0.0,559.0,$,,,QUITAMANCHAS Y PRELAVADOS,,EL BACHA,EXTRACTO DE BLANCO,,,,,,,EXTRACTO DE BLANCO ROPA
116,LF004.0008,4284,FILTRO PURIFICADOR PARA SPAR**,21.0,0.0,0.0,150.0,0.0,0.0,150.0,$,,,VARIOS,,EL BACHA,KO-DI-KO,,,,,,,FILTRO SPAR
117,LL058.0033,1752,FLASH ULTRA LIMPIADOR BIDON X 5 L CHERRY **,21.0,768.9,45.0,1114.91,0.0,0.0,0.0,$,,,LIMPIADORES Y DESODORANTES DE PISO,,EL BACHA,FLASH,,,,,,,FLASH LIMPIADOR
118,LL058.0030,1753,FLASH ULTRA LIMPIADOR BIDON X 5 L CITRICO **,21.0,768.9,45.0,1114.91,0.0,0.0,0.0,$,,,LIMPIADORES Y DESODORANTES DE PISO,,EL BACHA,FLASH,,,,,,,FLASH LIMPIADOR
119,LL058.0037,1754,FLASH ULTRA LIMPIADOR BIDON X 5 L LAVANDA **,21.0,768.9,45.0,1114.91,0.0,0.0,0.0,$,,,LIMPIADORES Y DESODORANTES DE PISO,,EL BACHA,FLASH,,,,,,,FLASH LIMPIADOR
120,LL058.0039,1755,FLASH ULTRA LIMPIADOR BIDON X 5 L PINO,21.0,768.9,45.0,1114.91,0.0,0.0,0.0,$,,,LIMPIADORES Y DESODORANTES DE PISO,,EL BACHA,FLASH,,,,,,,FLASH LIMPIADOR
121,LL061.0003,1762,FORWARD LIMPIADOR DESINFECTANTE X 5 L,21.0,0.0,0.0,1434.0,1434.0,0.0,1434.0,$,,,LIMPIADORES Y DESODORANTES DE PISO,,EL BACHA,FOWARD,,,,,,,FOWARD LIMPIADOR
122,LI015.0011,1775,FUYI 45 NOCHES REP **,21.0,328.9,45.0,476.91,386.4,0.0,386.4,$,,,INSECTICIDAS Y REPELENTES,,EL BACHA,FUYI,,,,,,,FUYI INSECTICIDA
123,LI002.0013,4124,FUYI AERO MMM X 360 CC **,21.0,152.9,45.0,221.71,0.0,0.0,0.0,$,,,INSECTICIDAS Y REPELENTES,,EL BACHA,FUYI,,,,,,,FUYI INSECTICIDA
124,LI015.0010,1774,FUYI APARATO 45 NOCHES+REP,21.0,416.9,45.0,604.51,493.2,0.0,493.2,$,,,INSECTICIDAS Y REPELENTES,,EL BACHA,FUYI,,,,,,,FUYI INSECTICIDA
125,LI015.0013,4064,FUYI APARATO VAPE + 4 TABLETAS,21.0,0.0,0.0,450.0,320.0,0.0,320.0,$,,,INSECTICIDAS Y REPELENTES,,EL BACHA,FUYI,,,,,,,FUYI INSECTICIDA
126,LE059.0026,4113,FUYI ESPIRALES SOBRE X 4  **,21.0,26.49,45.0,38.41,0.0,0.0,0.0,$,,,INSECTICIDAS Y REPELENTES,,EL BACHA,FUYI,,,,,,,FUYI INSECTICIDA
127,LE059.0023,3636,FUYI ESPIRALES X 12 U **,21.0,78.1,45.0,113.25,0.0,0.0,104.0,$,,,INSECTICIDAS Y REPELENTES,,EL BACHA,FUYI,,,,,,,FUYI INSECTICIDA
128,LR027.0012,3639,FUYI REPELENTE AEROSOL X 165 ML,21.0,0.0,0.0,126.0,126.0,0.0,126.0,$,,,INSECTICIDAS Y REPELENTES,,EL BACHA,FUYI,,,,,,,FUYI INSECTICIDA
129,LJ002.0006,1786,GIGANTE JABON PAN BLANCO X 200 GR (72UXB) **,21.0,49.5,50.0,74.25,0.0,0.0,0.0,$,,,JABON EN PAN,,EL BACHA,GIGANTE,,,,,,,GIGANTE JABON BLANCO
130,2500007,1805,GLADE ACEITES FULL X 21ML. FLORAL PERFECTION (6UXB) **,21.0,412.5,50.0,618.75,0.0,0.0,0.0,$,,,"AROMATIZACION, DESODORANTES Y PERFUMES AMBIENTALE",,EL BACHA,GLADE,,,,,,,GLADE ACEITES FULL
131,LD012.0013,4368,GLADE ACEITES REP. LIMON (6UXB) **,21.0,306.9,50.0,460.0,0.0,0.0,0.0,$,,,"AROMATIZACION, DESODORANTES Y PERFUMES AMBIENTALE",,EL BACHA,GLADE,,,,,,,GLADE ACEITES REPUESTO
132,LD012.0013,1811,GLADE ACEITES REP. X 21ML. FLORAL (6UXB)**,21.0,306.9,50.0,460.0,0.0,0.0,0.0,$,,,"AROMATIZACION, DESODORANTES Y PERFUMES AMBIENTALE",,EL BACHA,GLADE,,,,,,,GLADE ACEITES REPUESTO
133,LD012.0012,1810,GLADE ACEITES REP. X 21ML. HARMONY (6UXB) **,21.0,306.9,50.0,460.0,0.0,0.0,0.0,$,,,"AROMATIZACION, DESODORANTES Y PERFUMES AMBIENTALE",,EL BACHA,GLADE,,,,,,,GLADE ACEITES REPUESTO
134,LD012.0015,1808,GLADE ACEITES REP. X 21ML. LAVANDA (6UXB) **,,,,,,,,,,,,,,,,,,,,,
135,LD012.0015,1809,GLADE ACEITES REP. X 21ML. M.CAMPO (6UXB)**,21.0,306.9,50.0,460.0,0.0,0.0,0.0,$,,,"AROMATIZACION, DESODORANTES Y PERFUMES AMBIENTALE",,EL BACHA,GLADE,,,,,,,GLADE ACEITES REPUESTO
136,LD012.0015,1806,GLADE ACEITES REP. X 21ML. MANZ Y CAN (6UXB)**,21.0,306.9,50.0,460.0,0.0,0.0,0.0,$,,,"AROMATIZACION, DESODORANTES Y PERFUMES AMBIENTALE",,EL BACHA,GLADE,,,,,,,GLADE ACEITES REPUESTO
137,LD012.0032,1807,GLADE ACEITES REP. X 21ML. PARAISO AZUL (6UXB)**,21.0,306.9,50.0,460.0,0.0,0.0,0.0,$,,,"AROMATIZACION, DESODORANTES Y PERFUMES AMBIENTALE",,EL BACHA,GLADE,,,,,,,GLADE ACEITES REPUESTO
138,LD012.0032,1812,GLADE ACEITES REP. X 21ML. VAINILLA (6UXB)**,21.0,306.9,50.0,460.0,0.0,0.0,0.0,$,,,"AROMATIZACION, DESODORANTES Y PERFUMES AMBIENTALE",,EL BACHA,GLADE,,,,,,,GLADE ACEITES REPUESTO
139,LD003.0055,3359,"GLADE AERO X 360CC ""ENCANTO DE VAINILLA"" (6UXB) **",21.0,106.7,45.0,155.0,0.0,0.0,147.0,$,,,"AROMATIZACION, DESODORANTES Y PERFUMES AMBIENTALE",,EL BACHA,GLADE,,,,,,,GLADE AERO X 360CC
140,LD003.0025,1794,GLADE AERO X 360CC CAMPOS DE LAVANDA (6UXB) **,21.0,106.7,45.0,155.0,0.0,0.0,0.0,$,,,"AROMATIZACION, DESODORANTES Y PERFUMES AMBIENTALE",,EL BACHA,GLADE,,,,,,,GLADE AERO X 360CC
141,LD003.0019,1791,GLADE AERO X 360CC CARICIAS ALGODON (6UXB) **,21.0,106.7,45.0,155.0,0.0,0.0,0.0,$,1808,,"AROMATIZACION, DESODORANTES Y PERFUMES AMBIENTALE",,EL BACHA,GLADE,,,,,,,GLADE AERO X 360CC
142,LD003.0021,1792,GLADE AERO X 360CC CARICIAS DE BEBE (6UXB) **,21.0,106.7,45.0,155.0,0.0,0.0,0.0,$,,,"AROMATIZACION, DESODORANTES Y PERFUMES AMBIENTALE",,EL BACHA,GLADE,,,,,,,GLADE AERO X 360CC
143,LD003.0032,1799,GLADE AERO X 360CC FLORAL PERFECTION (6UXB) **,21.0,106.7,45.0,155.0,0.0,0.0,0.0,$,,,"AROMATIZACION, DESODORANTES Y PERFUMES AMBIENTALE",,EL BACHA,GLADE,,,,,,,GLADE AERO X 360CC
144,LD003.0034,1795,GLADE AERO X 360CC HARMONY (6UXB) **,21.0,106.7,45.0,155.0,0.0,0.0,0.0,$,,,"AROMATIZACION, DESODORANTES Y PERFUMES AMBIENTALE",,EL BACHA,GLADE,,,,,,,GLADE AERO X 360CC
145,LD003.0036,1796,GLADE AERO X 360CC I LOVE YOU (6UXB) **,21.0,106.7,45.0,155.0,0.0,0.0,0.0,$,,,"AROMATIZACION, DESODORANTES Y PERFUMES AMBIENTALE",,EL BACHA,GLADE,,,,,,,GLADE AERO X 360CC
146,LD003.0023,1793,GLADE AERO X 360CC JAZMIN (6UXB) **,21.0,106.7,45.0,155.0,0.0,0.0,0.0,$,,,"AROMATIZACION, DESODORANTES Y PERFUMES AMBIENTALE",,EL BACHA,GLADE,,,,,,,GLADE AERO X 360CC
147,LD003.0028,3358,GLADE AERO X 360CC LIMON (6UXB) **,21.0,106.7,45.0,155.0,0.0,0.0,0.0,$,,,"AROMATIZACION, DESODORANTES Y PERFUMES AMBIENTALE",,EL BACHA,GLADE,,,,,,,GLADE AERO X 360CC
148,LD003.0039,1797,GLADE AERO X 360CC MAÑANA DE CAMPO (6UXB) **,21.0,106.7,45.0,155.0,0.0,0.0,0.0,$,,,"AROMATIZACION, DESODORANTES Y PERFUMES AMBIENTALE",,EL BACHA,GLADE,,,,,,,GLADE AERO X 360CC
149,LD003.0042,1798,GLADE AERO X 360CC PARAISO AZUL (6UXB) **,21.0,106.7,45.0,155.0,0.0,0.0,0.0,$,,,"AROMATIZACION, DESODORANTES Y PERFUMES AMBIENTALE",,EL BACHA,GLADE,,,,,,,GLADE AERO X 360CC
150,LD003.0043,4371,GLADE AERO X 360CC POTPOURRI (6UXB) **,21.0,106.7,45.0,155.0,0.0,0.0,0.0,$,,,"AROMATIZACION, DESODORANTES Y PERFUMES AMBIENTALE",,EL BACHA,GLADE,,,,,,,GLADE AERO X 360CC
151,2576.ILY,1862,GLADE CANASTA FULL LIQUIDA I LOVE YOU X 50 ML (12UXB),21.0,214.5,45.0,311.03,0.0,0.0,289.0,$,,,"AROMATIZACION, DESODORANTES Y PERFUMES AMBIENTALE",,EL BACHA,GLADE,,,,,,,GLADE CANASTA LIQUIDA FULL
152,LD024.0006,1863,GLADE CANASTA FULL X 50ML LIQUIDA LAVANDA (12UXB) **,21.0,214.5,45.0,311.03,0.0,0.0,289.0,$,,,"AROMATIZACION, DESODORANTES Y PERFUMES AMBIENTALE",,EL BACHA,GLADE,,,,,,,GLADE CANASTA LIQUIDA FULL
153,LD024.0006,1864,GLADE CANASTA FULL X 50ML LIQUIDA MAÑANA DE CAMPO (12UXB)**,21.0,214.5,45.0,311.03,0.0,0.0,289.0,$,,,"AROMATIZACION, DESODORANTES Y PERFUMES AMBIENTALE",,EL BACHA,GLADE,,,,,,,GLADE CANASTA LIQUIDA FULL
154,LD025.0002,1865,GLADE CANASTA LIQUIDA REP X 50ML BRISA CUMBRES (12UXB) **,21.0,180.4,45.0,261.58,0.0,0.0,0.0,$,,,"AROMATIZACION, DESODORANTES Y PERFUMES AMBIENTALE",,EL BACHA,GLADE,,,,,,,GLADE CANASTA LIQUIDA REPUESTO
155,LD025.0002,1867,GLADE CANASTA REPUESTO X 50ML .LIQUIDA CUMBRES (12UXB)**,21.0,180.4,45.0,261.58,0.0,0.0,0.0,$,,,"AROMATIZACION, DESODORANTES Y PERFUMES AMBIENTALE",,EL BACHA,GLADE,,,,,,,GLADE CANASTA LIQUIDA REPUESTO
156,LD025.0006,1866,GLADE CANASTA REPUESTO X 50ML .LIQUIDA MAÑANA DE CAMPO **,21.0,0.0,0.0,246.0,0.0,0.0,0.0,$,,,"AROMATIZACION, DESODORANTES Y PERFUMES AMBIENTALE",,EL BACHA,GLADE,,,,,,,GLADE CANASTA LIQUIDA REPUESTO
157,LD025.0002,4292,GLADE CANASTA REPUESTO X 50ML LIQUIDA I LOVE YOU (12UXB) **,21.0,180.4,45.0,261.58,0.0,0.0,0.0,$,,,CANASTAS PARA INODOROS,,EL BACHA,GLADE,,,,,,,GLADE CANASTA LIQUIDA REPUESTO
158,LD025.0004,3322,GLADE CANASTA REPUESTO X 50ML LIQUIDA LAVANDA (12UXB)**,21.0,180.4,45.0,261.58,0.0,0.0,246.0,$,,,"AROMATIZACION, DESODORANTES Y PERFUMES AMBIENTALE",,EL BACHA,GLADE,,,,,,,GLADE CANASTA LIQUIDA REPUESTO
159,LD028.0005,1860,"GLADE CANASTA SOLIDA FULL X 27,5GR (12UXB)**",21.0,77.0,45.0,111.65,0.0,0.0,0.0,$,,,LIMPIADORES DE BAÑO E INODORO,,EL BACHA,GLADE,,,,,,,GLADE CANASTA SOLIDA
160,LD029.0006,1861,"GLADE CANASTA SOLIDA REPUESTO X 27,5GR  (24UXB)**",21.0,59.4,45.0,86.13,0.0,0.0,0.0,$,,,LIMPIADORES DE BAÑO E INODORO,,EL BACHA,GLADE,,,,,,,GLADE CANASTA SOLIDA
161,LD032.0012,1858,"GLADE PASTILLA INODORO X 25 GRS ""BRISA DE LAS CUMBRES"" (24UXB)**",21.0,56.1,45.0,81.35,0.0,0.0,0.0,$,,,LIMPIADORES DE BAÑO E INODORO,,EL BACHA,GLADE,,,,,,,GLADE PASTILLA INODORO
162,LD032.0014,1859,"GLADE PASTILLA INODORO X 25 GRS ""LAVANDA"" (24UXB) **",21.0,56.1,45.0,81.35,0.0,0.0,0.0,$,,,LIMPIADORES DE BAÑO E INODORO,,EL BACHA,GLADE,,,,,,,GLADE PASTILLA INODORO
163,LD032.0012,1857,GLADE PASTILLA INODORO X 25GR BOSQUE DE PINOS (24UXB) **,21.0,56.1,45.0,81.35,0.0,0.0,0.0,$,,,LIMPIADORES DE BAÑO E INODORO,,EL BACHA,GLADE,,,,,,,GLADE PASTILLA INODORO
164,LD010.0016,1840,GLADE SENSATION REP CAMPOS DE LAVANDA X 8 GR. (12UXB) **,21.0,185.9,45.0,270.0,0.0,0.0,0.0,$,,,"AROMATIZACION, DESODORANTES Y PERFUMES AMBIENTALE",,EL BACHA,GLADE,,,,,,,GLADE SENSATION UNIVERSAL
165,LD010.0016,4369,GLADE SENSATION REP CAMPOS MANZANA CANELA X  8GR.,21.0,0.0,0.0,246.0,0.0,0.0,0.0,$,,,"AROMATIZACION, DESODORANTES Y PERFUMES AMBIENTALE",,EL BACHA,GLADE,,,,,,,GLADE SENSATION GLASS
166,LD010.0016,1837,GLADE SENSATION REP CARICIAS DE ALGODON X 8 GR. (12UXB)**,21.0,185.9,45.0,270.0,0.0,0.0,0.0,$,,,"AROMATIZACION, DESODORANTES Y PERFUMES AMBIENTALE",,EL BACHA,GLADE,,,,,,,GLADE SENSATION UNIVERSAL
167,LD010.0016,1838,GLADE SENSATION REP FLORAL PERFECTION X 8 GR. (12UXB) **,21.0,185.9,45.0,270.0,0.0,0.0,0.0,$,,,"AROMATIZACION, DESODORANTES Y PERFUMES AMBIENTALE",,EL BACHA,GLADE,,,,,,,GLADE SENSATION UNIVERSAL
168,LD010.0016,1842,GLADE SENSATION REP MAÑANA DE CAMPO X 8 GR. (12UXB)**,21.0,185.9,45.0,270.0,0.0,0.0,0.0,$,,,"AROMATIZACION, DESODORANTES Y PERFUMES AMBIENTALE",,EL BACHA,GLADE,,,,,,,GLADE SENSATION UNIVERSAL
169,LD010.0016,1839,GLADE SENSATION REP NECTAR DE FLORES X 8 GR. (12UXB) **,21.0,185.9,45.0,270.0,0.0,0.0,0.0,$,,,"AROMATIZACION, DESODORANTES Y PERFUMES AMBIENTALE",,EL BACHA,GLADE,,,,,,,GLADE SENSATION UNIVERSAL
170,LD010.0016,1841,GLADE SENSATION REP PARAISO AZUL X 8 GR. (12UXB) **,21.0,185.9,45.0,270.0,0.0,0.0,246.0,$,,,"AROMATIZACION, DESODORANTES Y PERFUMES AMBIENTALE",,EL BACHA,GLADE,,,,,,,GLADE SENSATION UNIVERSAL
171,LD001.0017,1824,"GLADE TOQUE FULL ""FLORAL PERFECTION"" X 9 GRS",21.0,174.9,45.0,253.61,0.0,0.0,0.0,$,,,"AROMATIZACION, DESODORANTES Y PERFUMES AMBIENTALE",,EL BACHA,GLADE,,,,,,,GLADE TOQUE FULL
172,LD001.0017,1822,"GLADE TOQUE FULL ""HARMONY"" X 9 GRS **",21.0,174.9,45.0,253.61,0.0,0.0,0.0,$,,,"AROMATIZACION, DESODORANTES Y PERFUMES AMBIENTALE",,EL BACHA,GLADE,,,,,,,GLADE TOQUE FULL
173,LD001.0013,1821,"GLADE TOQUE FULL ""LAVANDA"" X 9 GRS **",21.0,174.9,45.0,253.61,0.0,0.0,0.0,$,,,"AROMATIZACION, DESODORANTES Y PERFUMES AMBIENTALE",,EL BACHA,GLADE,,,,,,,GLADE TOQUE FULL
174,LD001.0015,1819,"GLADE TOQUE FULL ""LIMON"" X 9 GRS **",21.0,174.9,45.0,253.61,0.0,0.0,0.0,$,,,"AROMATIZACION, DESODORANTES Y PERFUMES AMBIENTALE",,EL BACHA,GLADE,,,,,,,GLADE TOQUE FULL
175,LD001.0015,4418,"GLADE TOQUE FULL ""LOVE REVOLUTION"" X 9 GRS **",21.0,174.9,45.0,253.61,0.0,0.0,0.0,$,,,"AROMATIZACION, DESODORANTES Y PERFUMES AMBIENTALE",,EL BACHA,GLADE,,,,,,,GLADE TOQUE FULL
176,LD001.0020,1823,"GLADE TOQUE FULL ""MAÑANA DE CAMPO"" X 9 GRS **",21.0,174.9,45.0,253.61,0.0,0.0,0.0,$,,,"AROMATIZACION, DESODORANTES Y PERFUMES AMBIENTALE",,EL BACHA,GLADE,,,,,,,GLADE TOQUE FULL
177,LD001.0015,4419,"GLADE TOQUE FULL ""MENTA VAINILLA"" X 9 GRS **",21.0,174.9,45.0,253.61,0.0,0.0,258.0,$,,,"AROMATIZACION, DESODORANTES Y PERFUMES AMBIENTALE",,EL BACHA,GLADE,,,,,,,GLADE TOQUE FULL
178,LD002.0031,1826,"GLADE TOQUE REPUESTO ""BRISAS DE CUMBRES"" X 9 GRS **",21.0,114.0,45.0,165.3,0.0,0.0,0.0,$,,,"AROMATIZACION, DESODORANTES Y PERFUMES AMBIENTALE",,EL BACHA,GLADE,,,,,,,GLADE TOQUE REPUESTO
179,LD002.0031,3430,"GLADE TOQUE REPUESTO ""FLORAL GROOVE"" X 9 GRS **",21.0,104.5,45.0,151.53,0.0,0.0,163.0,$,,,"AROMATIZACION, DESODORANTES Y PERFUMES AMBIENTALE",,EL BACHA,GLADE,,,,,,,GLADE TOQUE REPUESTO
180,LD002.0020,1829,GLADE TOQUE REPUESTO X 9 GRS HARMONY **,21.0,114.0,45.0,165.3,0.0,0.0,0.0,$,,,"AROMATIZACION, DESODORANTES Y PERFUMES AMBIENTALE",,EL BACHA,GLADE,,,,,,,GLADE TOQUE REPUESTO
181,LD002.0042,1830,GLADE TOQUE REPUESTO X 9 GRS I LOVE YOU **,21.0,114.0,45.0,165.3,0.0,0.0,0.0,$,,,"AROMATIZACION, DESODORANTES Y PERFUMES AMBIENTALE",,EL BACHA,GLADE,,,,,,,GLADE TOQUE REPUESTO
182,LD002.0025,3429,GLADE TOQUE REPUESTO X 9 GRS LAVANDA **,21.0,114.0,45.0,165.3,0.0,0.0,0.0,$,,,"AROMATIZACION, DESODORANTES Y PERFUMES AMBIENTALE",,EL BACHA,GLADE,,,,,,,GLADE TOQUE REPUESTO
183,LD002.0023,1832,GLADE TOQUE REPUESTO X 9 GRS LIMON **,21.0,114.0,45.0,165.3,0.0,0.0,0.0,$,,,"AROMATIZACION, DESODORANTES Y PERFUMES AMBIENTALE",,EL BACHA,GLADE,,,,,,,GLADE TOQUE REPUESTO
184,LD002.0031,1834,GLADE TOQUE REPUESTO X 9 GRS PLACER FLORAL **,21.0,114.0,45.0,165.3,0.0,0.0,0.0,$,,,"AROMATIZACION, DESODORANTES Y PERFUMES AMBIENTALE",,EL BACHA,GLADE,,,,,,,GLADE TOQUE REPUESTO
185,LD002.0031,1833,GLADE TOQUE REPUESTO X 9 GRS RITMO CITRICO **,21.0,114.0,45.0,165.3,0.0,0.0,0.0,$,,,"AROMATIZACION, DESODORANTES Y PERFUMES AMBIENTALE",,EL BACHA,GLADE,,,,,,,GLADE TOQUE REPUESTO
186,LD002.0031,1828,GLADE TOQUE REPUESTO X 9 GRS VAINILLA **,21.0,114.0,45.0,165.3,0.0,0.0,0.0,$,,,"AROMATIZACION, DESODORANTES Y PERFUMES AMBIENTALE",,EL BACHA,GLADE,,,,,,,GLADE TOQUE REPUESTO
187,LD002.0027,1831,GLADE TOQUE REPUESTO X 9GR. MAÑANA CAMPO **,21.0,114.0,45.0,165.3,0.0,0.0,0.0,$,,,"AROMATIZACION, DESODORANTES Y PERFUMES AMBIENTALE",,EL BACHA,GLADE,,,,,,,GLADE TOQUE REPUESTO
188,LD002.0027,1827,GLADE TOQUE REPUESTO X 9GR. PARAISO AZUL **,21.0,114.0,45.0,165.3,0.0,0.0,0.0,$,,,"AROMATIZACION, DESODORANTES Y PERFUMES AMBIENTALE",,EL BACHA,GLADE,,,,,,,GLADE TOQUE REPUESTO
189,LG019.0002,2489,GUANTE DE HILO MOTEADO,21.0,0.0,0.0,124.0,0.0,0.0,0.0,$,,,GUANTES - NITRILO - LATEX,,EL BACHA,GENERICO,,,,,,,STEFF GUANTES
190,LL082.0018,1891,HARPIC BLANCO C/LAVANDINA 500ML,21.0,118.8,45.0,172.26,150.0,0.0,195.0,$,,,LIMPIADORES DE BAÑO E INODORO,,EL BACHA,HARPIC,,,,,,,HARPIC BLANCO
191,LD022.0007,1885,HARPIC BLOQUE MOCHILA 45 GRS (48UXB) **,21.0,94.6,50.0,141.9,0.0,0.0,150.0,$,,,LIMPIADORES DE BAÑO E INODORO,,EL BACHA,HARPIC,,,,,,,HARPIC BLOQUE MOCHILA
192,LL082.0012,1887,HARPIC GEL AZUL EXTRA FUERTE 500ML,21.0,0.0,0.0,206.68,150.0,0.0,206.68,$,,,LIMPIADORES DE BAÑO E INODORO,,EL BACHA,HARPIC,,,,,,,HARPIC GEL
193,LL082.0016,1890,HARPIC POWER NEGRO ORIGINAL 500ML (12UXB) **,21.0,118.8,45.0,172.26,150.0,0.0,195.0,$,,,LIMPIADORES DE BAÑO E INODORO,,EL BACHA,HARPIC,,,,,,,HARPIC POWER
194,LP020.0035,1896,HIGIENOL MAX 80 M PACK X 4 U **,21.0,0.0,0.0,184.0,150.0,0.0,150.0,$,,,PAPEL HIGIENICO,,EL BACHA,HIGIENOL,,,,,,,HIGIENOL MAX
195,LH005.0004,1905,HOR-TAL F TARRO POLVO X 250 GR,21.0,170.5,50.0,256.0,166.0,0.0,166.0,$,,,INSECTICIDAS Y REPELENTES,,EL BACHA,HOR-TAL,,,,,,,HOR-TAL F TARRO
196,LH006.0006,1907,HOR-TAL LIQUIDO X 120 CC,21.0,203.5,50.0,305.25,206.0,0.0,206.0,$,,,INSECTICIDAS Y REPELENTES,,EL BACHA,HOR-TAL,,,,,,,HOR-TAL LIQUIDO
197,LH006.0007,1908,HOR-TAL LIQUIDO X 250 CC **,21.0,328.9,50.0,493.0,0.0,0.0,455.0,$,,,INSECTICIDAS Y REPELENTES,,EL BACHA,HOR-TAL,,,,,,,HOR-TAL LIQUIDO
198,LH006.0008,1909,HOR-TAL LIQUIDO X 500 CC **,21.0,581.9,50.0,873.0,0.0,0.0,844.0,$,,,INSECTICIDAS Y REPELENTES,,EL BACHA,HOR-TAL,,,,,,,HOR-TAL LIQUIDO
199,LQ003.0001,1929,KI-MA QUITABIROME X 60 CC **,21.0,0.0,0.0,290.4,0.0,0.0,0.0,$,,,QUITAMANCHAS Y PRELAVADOS,,EL BACHA,KI-MA,,,,,,,KI-MA QUITAMANCHAS
200,LQ003.0002,1930,KI-MA QUITAGRASA X 60 CC **,21.0,0.0,0.0,290.4,0.0,0.0,0.0,$,,,QUITAMANCHAS Y PRELAVADOS,,EL BACHA,KI-MA,,,,,,,KI-MA QUITAMANCHAS
201,LQ003.0003,1931,KI-MA QUITAOXIDO X 60 CC **,21.0,0.0,0.0,290.4,0.0,0.0,0.0,$,,,QUITAMANCHAS Y PRELAVADOS,,EL BACHA,KI-MA,,,,,,,KI-MA QUITAMANCHAS
202,LQ003.0004,1932,KI-MA QUITASANGRE X 60 CC **,21.0,0.0,0.0,290.4,0.0,0.0,290.4,$,,,QUITAMANCHAS Y PRELAVADOS,,EL BACHA,KI-MA,,,,,,,KI-MA QUITAMANCHAS
203,LA048.0003,1933,KLARO AEROSOL X 360 CC **,21.0,181.5,45.0,263.18,0.0,0.0,0.0,$,,,APRESTOS,,EL BACHA,KLARO,,,,,,,KLARO APRESTO
204,LI009.0007,1941,K-OTHRINA FRASCO X 250 CC,21.0,0.0,0.0,630.0,630.0,0.0,630.0,$,,,INSECTICIDAS Y REPELENTES,,EL BACHA,K-OTRINA,,,,,,,K-OTRINA INSECTICIDA
205,LI009.0006,1940,K-OTHRINA FRASCO X 60 CC,21.0,0.0,0.0,299.0,0.0,0.0,0.0,$,,,INSECTICIDAS Y REPELENTES,,EL BACHA,K-OTRINA,,,,,,,K-OTRINA INSECTICIDA
206,LI010.0010,1943,K-OTHRINA PULVERIZADOR LPU **,21.0,346.5,50.0,519.75,0.0,0.0,0.0,$,,,INSECTICIDAS Y REPELENTES,,EL BACHA,K-OTRINA,,,,,,,K-OTRINA INSECTICIDA
207,4330.001,4263,K-OTHRINA SACHETS X 15ML **,21.0,71.5,45.0,103.68,0.0,0.0,0.0,$,,,INSECTICIDAS Y REPELENTES,,EL BACHA,K-OTRINA,,,,,,,K-OTRINA INSECTICIDA
208,LL087.0007,1966,LEM ESPUMA LIMPIADORA X 400 CC **,21.0,280.5,50.0,420.75,0.0,0.0,0.0,$,,,LIMPIADORES ESPECIFICOS,,EL BACHA,LEM,,,,,,,LEM LIMPIADOR
209,LJ009.0013,2767,LUX JABON HOTELERO X 15GRS - CAJA 250U CON ENVOLTORIO **,21.0,2197.35,50.0,3296.03,0.0,0.0,0.0,$,,,JABONES -ROPA- MANOS,,EL BACHA,LUX,,,,,,,LUX JABON TOCADOR
210,LD005.0040,1993,LYSOFORM AERO X 360 CC ORIGINAL (12UXB) **,21.0,148.5,45.0,215.0,0.0,0.0,0.0,$,,,BACTERICIDAS Y DESINFECTANTES,,EL BACHA,LYSOFORM,,,,,,,LYSOFORM AEROSOL
211,LD005.0030,1991,LYSOFORM AERO X 360CC AIRE DE MONTAÑA (12UXB) **,21.0,148.5,45.0,215.0,0.0,0.0,0.0,$,,,BACTERICIDAS Y DESINFECTANTES,,EL BACHA,LYSOFORM,,,,,,,LYSOFORM AEROSOL
212,LH006.0006,4302,LYSOFORM AERO X 360CC BEBE (12UXB) **,21.0,148.5,45.0,215.0,0.0,0.0,0.0,$,,,BACTERICIDAS Y DESINFECTANTES,,EL BACHA,LYSOFORM,,,,,,,LYSOFORM AEROSOL
213,LH006.0006,3318,LYSOFORM AERO X 360CC CITRUS (12UXB) **,21.0,148.5,45.0,215.0,0.0,0.0,0.0,$,,,BACTERICIDAS Y DESINFECTANTES,,EL BACHA,LYSOFORM,,,,,,,LYSOFORM AEROSOL
214,LH006.0006,1990,LYSOFORM AERO X 360CC FRUTAL (12UXB) **,21.0,148.5,45.0,215.0,0.0,0.0,0.0,$,,,BACTERICIDAS Y DESINFECTANTES,,EL BACHA,LYSOFORM,,,,,,,LYSOFORM AEROSOL
215,LD005.0037,1992,LYSOFORM AERO X 360CC LAVANDA (12UXB) **,21.0,148.5,45.0,215.0,0.0,0.0,0.0,$,,,BACTERICIDAS Y DESINFECTANTES,,EL BACHA,LYSOFORM,,,,,,,LYSOFORM AEROSOL
216,LD022.0015,1998,LYSOFORM BLOQUE MOCHILA X 35 GR (12UXB) **,21.0,137.5,50.0,206.0,0.0,0.0,198.0,$,,,LIMPIADORES DE BAÑO E INODORO,,EL BACHA,LYSOFORM,,,,,,,LYSOFORM BLOQUE PARA MOCHILA
217,LL060.0012,4068,LYSOFORM CONCENTRADO D/P 420 ML BEBE **,21.0,79.2,45.0,114.84,0.0,0.0,115.0,$,,,LIMPIADORES Y DESODORANTES DE PISO,,EL BACHA,LYSOFORM,,,,,,,LYSOFORM DESINFECTANTE CONCENTRADO
218,LD024.0014,3744,LYSOFORM DISCOS ACTIVOS FULL 36 ML (12UXB) **,21.0,225.5,45.0,326.98,0.0,0.0,345.0,$,,,LIMPIADORES DE BAÑO E INODORO,,EL BACHA,LYSOFORM,,,,,,,LYSOFORM DISCOS ACTIVOS
219,LL060.0016,2005,LYSOFORM DOYPACK CONCENTRADO  X 420 CC LAVANDA,21.0,79.2,45.0,114.84,95.0,0.0,115.0,$,,,LIMPIADORES Y DESODORANTES DE PISO,,EL BACHA,LYSOFORM,,,,,,,LYSOFORM LIMPIADOR
220,LL060.0018,2002,LYSOFORM DOYPACK X 420/450 CC ORIGINAL **,21.0,0.0,0.0,115.0,95.0,0.0,115.0,$,,,BACTERICIDAS Y DESINFECTANTES,,EL BACHA,LYSOFORM,,,,,,,LYSOFORM LIMPIADOR
221,LL059.0035,3319,LYSOFORM LIQUIDO DESINF. CAMPOS DE LAVANDA X 900CC,21.0,0.0,0.0,155.0,94.0,0.0,155.0,$,,,LIMPIADORES Y DESODORANTES DE PISO,,EL BACHA,LYSOFORM,,,,,,,LYSOFORM LIMPIADOR
222,LL059.0035,3320,LYSOFORM LIQUIDO DESINF. FLORAL X 900CC,21.0,0.0,0.0,155.0,0.0,0.0,0.0,$,,,LIMPIADORES Y DESODORANTES DE PISO,,EL BACHA,LYSOFORM,,,,,,,LYSOFORM LIMPIADOR
223,LL059.0035,3321,LYSOFORM LIQUIDO DESINF. HARMONY X 900CC,21.0,0.0,0.0,155.0,94.0,0.0,155.0,$,,,LIMPIADORES Y DESODORANTES DE PISO,,EL BACHA,LYSOFORM,,,,,,,LYSOFORM LIMPIADOR
224,LL059.0030,4027,LYSOFORM LIQUIDO DESINF. ORIGINAL X 900ML **,21.0,159.5,45.0,231.28,0.0,0.0,0.0,$,,,LIMPIADORES Y DESODORANTES DE PISO,,EL BACHA,LYSOFORM,,,,,,,LYSOFORM LIMPIADOR
225,LD054.0066,2011,MAGISTRAL DETERGENTE X 300ML LIMON (20UXB)**,21.0,82.5,45.0,119.0,0.0,0.0,0.0,$,,,DETERGENTES,,EL BACHA,MAGISTRAL,,,,,,,MAGISTRAL DETERGENTE X 300ML
226,LD054.0120,2009,MAGISTRAL DETERGENTE X 750 ML **,21.0,229.0,45.0,332.05,384.24,0.0,260.0,$,,,DETERGENTES,,EL BACHA,MAGISTRAL,,,,,,,MAGISTRAL DETERGENTE X 750ML
227,LA018.0006,2021,MANCHESTER FLUIDO DESINFECTANTE ACAROINA X 350 CC (20UXB)**,21.0,175.0,50.0,262.5,0.0,0.0,244.0,$,,,BACTERICIDAS Y DESINFECTANTES,,EL BACHA,MANCHESTER,,,,,,,MANCHESTER FLUIDO
228,LA018.0008,2022,MANCHESTER FLUIDO DESINFECTANTE ACAROINA X 700 CC (10UXB) M**,21.0,384.0,50.0,576.0,0.0,0.0,536.0,$,,,BACTERICIDAS Y DESINFECTANTES,,EL BACHA,MANCHESTER,,,,,,,MANCHESTER FLUIDO
229,LA018.0010,2023,MANCHESTER FLUIDO LATA X 4 L,21.0,1540.0,50.0,2310.0,0.0,0.0,2145.0,$,,,BACTERICIDAS Y DESINFECTANTES,,EL BACHA,MANCHESTER,,,,,,,MANCHESTER FLUIDO
230,LG012.0041,2044,MAPA TECHNI MIX 415 NEGRO TALLE 10 **,21.0,0.0,0.0,349.0,319.44,0.0,349.0,$,,,GUANTES - NITRILO - LATEX,,EL BACHA,MAPA,,,,,,,MAPA TECHNI MIX GUANTES
231,LG012.0042,2045,MAPA TECHNI MIX 415 NEGRO TALLE 11 **,21.0,0.0,0.0,349.0,319.44,0.0,349.0,$,,,GUANTES - NITRILO - LATEX,,EL BACHA,MAPA,,,,,,,MAPA TECHNI MIX GUANTES
232,LG012.0038,2041,MAPA TECHNI MIX 415 NEGRO TALLE 7 **,21.0,0.0,0.0,349.0,319.44,0.0,349.0,$,,,GUANTES - NITRILO - LATEX,,EL BACHA,MAPA,,,,,,,MAPA TECHNI MIX GUANTES
233,LG012.0039,2042,MAPA TECHNI MIX 415 NEGRO TALLE 8 **,21.0,0.0,0.0,349.0,319.44,0.0,349.0,$,,,GUANTES - NITRILO - LATEX,,EL BACHA,MAPA,,,,,,,MAPA TECHNI MIX GUANTES
234,LG012.0040,2043,MAPA TECHNI MIX 415 NEGRO TALLE 9 **,21.0,0.0,0.0,349.0,319.44,0.0,349.0,$,,,GUANTES - NITRILO - LATEX,,EL BACHA,MAPA,,,,,,,MAPA TECHNI MIX GUANTES
235,LP016.0006,4035,MEDIA NARANJA MICROFIBRA AZUL LAVA AUTOS 50X60 CM **,21.0,401.5,50.0,602.25,0.0,0.0,592.0,$,,,REJILLAS Y PAÑOS,,EL BACHA,MEDIA NARANJA,,,,,,,MEDIA NARANJA MICROFIBRAS
236,LP016.0005,4274,MEDIA NARANJA MICROFIBRA LUSTRA AUTOS  40X50 CM **,21.0,511.5,50.0,767.25,0.0,0.0,718.0,$,,,PAÑOS,,EL BACHA,MEDIA NARANJA,,,,,,,MEDIA NARANJA PAÑOS
237,LP014.0021,2055,MEDIA NARANJA MICROFIBRA MULTIUSOS  35 X 40 CM **,21.0,339.9,50.0,509.85,250.8,0.0,479.0,$,,,REJILLAS Y PAÑOS,,EL BACHA,MEDIA NARANJA,,,,,,,MEDIA NARANJA MICROFIBRAS
238,LP017.0010,2053,MEDIA NARANJA MICROFIBRA PAÑO PISO 48X60CM **,21.0,0.0,0.0,576.0,0.0,0.0,0.0,$,,,REJILLAS Y PAÑOS,,EL BACHA,MEDIA NARANJA,,,,,,,MEDIA NARANJA PAÑOS
239,LP017.0004,4270,MEDIA NARANJA MICROFIBRA VIDRIOS 40X40CM **,21.0,291.5,50.0,440.0,0.0,0.0,0.0,$,,,PAÑOS,,EL BACHA,MEDIA NARANJA,,,,,,,MEDIA NARANJA PAÑOS
240,LE044.0032,2069,MORTIMER ESPONJA CUADRICULADA (12XB) **,21.0,21.89,50.0,32.84,0.0,0.0,25.0,$,,,ESPONJAS Y FIBRAS,,EL BACHA,MORTIMER,,,,,,,MORTIMER ESPONJAS
241,LL067.0035,2100,MR MUSCULO ANTIGRASA DOYPACK X 450 CC **,21.0,60.5,45.0,87.73,75.0,0.0,95.0,$,,,DESENGRASANTES,,EL BACHA,MR. MUSCULO,,,,,,,MR. MUSCULO ANTIGRASA
242,LL080.0035,2103,MR MUSCULO BAÑO SUPERECONOMICO X 900 CC,21.0,115.5,45.0,167.48,149.14,0.0,149.14,$,,,LIMPIADORES DE BAÑO E INODORO,,EL BACHA,MR. MUSCULO,,,,,,,MR. MUSCULO BAÑO
243,LL067.0043,4365,MR MUSCULO EXTRA POWER COCINA GATILLO X 500 ML **,21.0,173.8,45.0,252.01,0.0,0.0,0.0,$,,,DESENGRASANTES,,EL BACHA,MR. MUSCULO,,,,,,,MR. MUSCULO ANTIGRASA
244,LL088.0014,2116,MR MUSCULO LIMPIAHORNOS EN FRIO AEROSOL X 400 GR,21.0,196.9,45.0,285.51,0.0,0.0,0.0,$,,,LIMPIADORES ESPECIFICOS,,EL BACHA,MR. MUSCULO,,,,,,,MR. MUSCULO LIMPIAHORNOS
245,LL076.0016,2106,MR MUSCULO MULTIUSO DOYPACK X 450 CC,21.0,60.5,45.0,87.73,62.0,0.0,62.0,$,,,LIMPIADORES ESPECIFICOS,,EL BACHA,MR. MUSCULO,,,,,,,MR. MUSCULO MULTIUSOS
246,LL075.0015,2104,MR MUSCULO MULTIUSOS GATILLO X 500 ML,21.0,0.0,0.0,191.0,0.0,0.0,0.0,$,,,LIMPIADORES ESPECIFICOS,,EL BACHA,MR. MUSCULO,,,,,,,MR. MUSCULO MULTIUSOS
247,LL054.0008,2168,NH3 LIMPIADOR C/AMONIACO X 900 CC **,21.0,0.0,0.0,163.0,0.0,0.0,163.0,$,,,DESENGRASANTES,,EL BACHA,NH3,,,,,,,NH3 LIMPIADOR
248,LE041.0050,4536,NOVICA VARRY 1000 ESCOBILLON PVC BI COLOR (12UXB),21.0,350.9,50.0,526.35,0.0,0.0,0.0,$,,8.0,ESCOBAS Y ESCOBILLONES,,EL BACHA,NOVICA,,,,,,,NOVICA ESCOBILLON PVC
249,LR027.0016,2177,OFF AEROSOL EXTRA DURACION VERDE X 165 CC **,21.0,0.0,0.0,370.0,347.4,0.0,347.4,$,,,INSECTICIDAS Y REPELENTES,,EL BACHA,OFF,,,,,,,OFF AEROSOL
250,LR027.0015,2176,OFF AEROSOL REPELENTE NARANJA X 165 CC **,21.0,0.0,0.0,245.0,0.0,0.0,210.0,$,,,INSECTICIDAS Y REPELENTES,,EL BACHA,OFF,,,,,,,OFF AEROSOL
251,LD032.0026,4467,"PATO PURIFIC BLOQUE ADHESIVO ""FLORAL"" (24UXB) **",21.0,61.6,45.0,89.0,0.0,0.0,0.0,$,,,CANASTAS PARA INODOROS,,EL BACHA,PATO PURIFIC,,,,,,,PATO PURIFIC ADHESIVOS
252,LD022.0023,4364,PATO PURIFIC BLOQUE MOCHILA X 1 UNID (24UXB) **,21.0,132.0,50.0,198.0,0.0,0.0,0.0,$,,,CANASTAS PARA INODOROS,,EL BACHA,PATO PURIFIC,,,,,,,PATO PURIFIC BLOQUE MOCHILA
253,LD032.0027,4323,PATO PURIFIC BLOQUE MOCHILA X 2 UNID **,21.0,0.0,0.0,348.0,0.0,0.0,0.0,$,,,CANASTAS PARA INODOROS,,EL BACHA,PATO PURIFIC,,,,,,,PATO PURIFIC BLOQUE MOCHILA
254,LD024.0027,4259,"PATO PURIFIC CANASTA LIQ FULL X 50ML ""MARINA"" (12UXB) **",21.0,170.5,45.0,247.23,0.0,0.0,223.0,$,,,CANASTAS PARA INODOROS,,EL BACHA,PATO PURIFIC,,,,,,,PATO PURIFIC CANASTA LIQUIDA
255,LD025.0040,4260,PATO PURIFIC CANASTA REP X 50ML LIQUIDA CITRUS **,21.0,0.0,0.0,206.0,0.0,0.0,0.0,$,,,CANASTAS PARA INODOROS,,EL BACHA,PATO PURIFIC,,,,,,,PATO PURIFIC CANASTA LIQUIDA
256,LD024.0040,4366,"PATO PURIFIC DISCO ACTIVO FULL X 36 ML ""MARINA""",21.0,262.9,45.0,381.21,0.0,0.0,345.0,$,,,CANASTAS PARA INODOROS,,EL BACHA,PATO PURIFIC,,,,,,,PATO PURIFIC DISCOS
257,LD025.0055,4486,"PATO PURIFIC DISCO ACTIVO REPUESTO X 36 ML ""CITRUS""",21.0,0.0,0.0,249.0,0.0,0.0,0.0,$,,,CANASTAS PARA INODOROS,,EL BACHA,PATO PURIFIC,,,,,,,PATO PURIFIC DISCOS
258,LD025.0056,4525,"PATO PURIFIC DISCO ACTIVO REPUESTO X 36 ML ""MARINA""",21.0,0.0,0.0,249.0,0.0,0.0,0.0,$,,,CANASTAS PARA INODOROS,,EL BACHA,PATO PURIFIC,,,,,,,PATO PURIFIC DISCOS
259,LD025.0057,4367,"PATO PURIFIC DISCO ACTIVO REPUESTO X 36 ML ""TROPICAL""",21.0,0.0,0.0,249.0,0.0,0.0,249.0,$,,,CANASTAS PARA INODOROS,,EL BACHA,PATO PURIFIC,,,,,,,PATO PURIFIC DISCOS
260,LL058.0115,4339,PINOLUZ LIMPIADOR LIQUIDO PISOS X 4 LTS **,21.0,317.9,45.0,460.96,0.0,0.0,445.0,$,,,LIMPIADORES Y DESODORANTES DE PISO,,EL BACHA,PINOLUZ,,,,,,,PINOLUZ LIMPIADOR
261,LP061.0040,4267,PLUMERO AUTO LANA GRANDE **,21.0,0.0,0.0,350.0,0.0,0.0,0.0,$,,,PLUMEROS,,EL BACHA,NEOCLEAN,,,,,,,NEOCLEAN PLUMEROS
262,LD003.0082,4334,POETT AEROSOL X 360CC LAVANDA (6UXB) **,21.0,105.6,45.0,154.0,0.0,0.0,0.0,$,,,"AROMATIZACION, DESODORANTES Y PERFUMES AMBIENTALE",,EL BACHA,POETT,,,,,,,POETT AEROSOL
263,LD003.0085,4335,POETT AEROSOL X 360CC LOVE EVOLUTION (6UXB) **,21.0,105.6,45.0,154.0,0.0,0.0,0.0,$,,,"AROMATIZACION, DESODORANTES Y PERFUMES AMBIENTALE",,EL BACHA,POETT,,,,,,,POETT AEROSOL
264,LD003.0066,4331,POETT AEROSOL X 360CCC BEBE (6UXB) **,21.0,105.6,45.0,154.0,0.0,0.0,0.0,$,,,"AROMATIZACION, DESODORANTES Y PERFUMES AMBIENTALE",,EL BACHA,POETT,,,,,,,POETT AEROSOL
265,LD003.0066,4333,POETT AEROSOL X360CCC ESPIRITU JOVEN (6UXB) **,21.0,105.6,45.0,154.0,0.0,0.0,0.0,$,,,"AROMATIZACION, DESODORANTES Y PERFUMES AMBIENTALE",,EL BACHA,POETT,,,,,,,POETT AEROSOL
266,LL058.0128,2265,POETT BIDON X 4L ALGODON (3UXB)**,,,,,,,,,,,,,,,,,,,,,
267,LL058.0124,2263,POETT BIDON X 4L BEBE (3UXB) **,21.0,356.95,45.0,517.58,0.0,0.0,0.0,$,,,LIMPIADORES Y DESODORANTES DE PISO,,EL BACHA,POETT,,,,,,,POETT LIQUIDO X 4L
268,LL058.0126,2264,POETT BIDON X 4L LAVANDA (3UXB)**,21.0,356.95,45.0,517.58,0.0,0.0,0.0,$,LL058.0128,,LIMPIADORES Y DESODORANTES DE PISO,,EL BACHA,POETT,,,,,,,POETT LIQUIDO X 4L
269,LL058.0126,4143,POETT BIDON X 4L LOVE EVOLUTION (3UXB) **,21.0,356.95,45.0,517.58,0.0,0.0,0.0,$,,,LIMPIADORES Y DESODORANTES DE PISO,,EL BACHA,POETT,,,,,,,POETT LIQUIDO X 4L
270,LL058.0128,4144,POETT BIDON X 4L PRIMAVERA (3UXB)**,21.0,356.95,45.0,517.58,0.0,0.0,0.0,$,,,LIMPIADORES Y DESODORANTES DE PISO,,EL BACHA,POETT,,,,,,,POETT LIQUIDO X 4L
271,LL058.0132,2266,POETT BIDON X 4L SOLO PARA TI (3UXB)**,21.0,356.95,45.0,517.58,0.0,0.0,0.0,$,,,LIMPIADORES Y DESODORANTES DE PISO,,EL BACHA,POETT,,,,,,,POETT LIQUIDO X 4L
272,LD028.0020,2244,POETT CANASTA INODORO FULL X 32GR,21.0,89.1,45.0,129.2,0.0,0.0,0.0,$,,,LIMPIADORES DE BAÑO E INODORO,,EL BACHA,POETT,,,,,,,POETT CANASTA INODORO
273,LD029.0025,2245,POETT CANASTA INODORO REPUESTO X 32GR,21.0,76.45,45.0,110.85,0.0,0.0,0.0,$,,,LIMPIADORES DE BAÑO E INODORO,,EL BACHA,POETT,,,,,,,POETT CANASTA INODORO
274,LL056.0243,2258,POETT LIQUIDO X 1800CC BEBE,21.0,0.0,0.0,215.0,140.0,0.0,215.0,$,,,LIMPIADORES Y DESODORANTES DE PISO,,EL BACHA,POETT,,,,,,,POETT LIQUIDO X 1800CC
275,LL056.0255,2260,POETT LIQUIDO X 1800CC LAVANDA,21.0,0.0,0.0,215.0,140.0,0.0,215.0,$,,,LIMPIADORES Y DESODORANTES DE PISO,,EL BACHA,POETT,,,,,,,POETT LIQUIDO X 1800CC
276,LL056.0262,2261,POETT LIQUIDO X 1800CC PRIMAVERA **,21.0,0.0,0.0,215.0,140.0,0.0,215.0,$,,,LIMPIADORES Y DESODORANTES DE PISO,,EL BACHA,POETT,,,,,,,POETT LIQUIDO X 1800CC
277,LL056.0265,2262,POETT LIQUIDO X 1800CC SOLO PARA TI,21.0,0.0,0.0,215.0,140.0,0.0,215.0,$,,,LIMPIADORES Y DESODORANTES DE PISO,,EL BACHA,POETT,,,,,,,POETT LIQUIDO X 1800CC
278,LL056.0174,2253,POETT LIQUIDO X 900CC ALEGRIAS **,21.0,71.5,45.0,103.68,0.0,0.0,102.0,$,,,LIMPIADORES Y DESODORANTES DE PISO,,EL BACHA,POETT,,,,,,,POETT LIQUIDO X 900CC
279,LL056.0174,2250,POETT LIQUIDO X 900CC ALGODON **,21.0,71.5,45.0,103.68,0.0,0.0,102.0,$,,,LIMPIADORES Y DESODORANTES DE PISO,,EL BACHA,POETT,,,,,,,POETT LIQUIDO X 900CC
280,LL056.0180,2252,POETT LIQUIDO X 900CC BEBE **,21.0,71.5,45.0,103.68,0.0,0.0,102.0,$,,,LIMPIADORES Y DESODORANTES DE PISO,,EL BACHA,POETT,,,,,,,POETT LIQUIDO X 900CC
281,LL056.0186,2254,POETT LIQUIDO X 900CC ESPIRITU JOVEN,21.0,71.5,45.0,103.68,67.0,0.0,102.0,$,,,LIMPIADORES Y DESODORANTES DE PISO,,EL BACHA,POETT,,,,,,,POETT LIQUIDO X 900CC
282,LL056.0189,2255,POETT LIQUIDO X 900CC LAVANDA **,21.0,71.5,45.0,103.68,0.0,0.0,0.0,$,,,LIMPIADORES Y DESODORANTES DE PISO,,EL BACHA,POETT,,,,,,,POETT LIQUIDO X 900CC
283,LL056.0189,2251,POETT LIQUIDO X 900CC LOVE EVOLUTION **,21.0,71.5,45.0,103.68,0.0,0.0,0.0,$,,,LIMPIADORES Y DESODORANTES DE PISO,,EL BACHA,POETT,,,,,,,POETT LIQUIDO X 900CC
284,LL056.0200,2256,POETT LIQUIDO X 900CC PRIMAVERA **,21.0,71.5,45.0,103.68,0.0,0.0,0.0,$,,,LIMPIADORES Y DESODORANTES DE PISO,,EL BACHA,POETT,,,,,,,POETT LIQUIDO X 900CC
285,LL056.0203,2257,POETT LIQUIDO X 900CC SOLO PARA TI **,21.0,71.5,45.0,103.68,0.0,0.0,102.0,$,,,LIMPIADORES Y DESODORANTES DE PISO,,EL BACHA,POETT,,,,,,,POETT LIQUIDO X 900CC
286,LD032.0042,2243,POETT PASTILLA INODORO RED X 25 GRS (12UXB) **,21.0,68.2,45.0,99.0,0.0,0.0,0.0,$,,,LIMPIADORES DE BAÑO E INODORO,,EL BACHA,POETT,,,,,,,POETT PASTILLA INODORO
287,LL055.0011,2318,PROCENEX BIDON X 5L BLANCO ORIGINAL **,21.0,399.0,45.0,597.0,0.0,0.0,597.0,$,,,LIMPIADORES Y DESODORANTES DE PISO,,EL BACHA,PROCENEX,,,,,,,PROCENEX LIMP. PARA PISOS X 5L
288,LL058.0139,2319,PROCENEX BIDON X 5L JARDIN **,21.0,0.0,0.0,424.0,0.0,0.0,0.0,$,,,LIMPIADORES Y DESODORANTES DE PISO,,EL BACHA,PROCENEX,,,,,,,PROCENEX LIMP. PARA PISOS X 5L
289,LL058.0141,2320,PROCENEX BIDON X 5L LAVANDA **,21.0,0.0,0.0,424.0,0.0,0.0,0.0,$,,,LIMPIADORES Y DESODORANTES DE PISO,,EL BACHA,PROCENEX,,,,,,,PROCENEX LIMP. PARA PISOS X 5L
290,LL058.0143,2321,PROCENEX BIDON X 5L MARINA **,21.0,0.0,0.0,424.0,0.0,0.0,0.0,$,,,LIMPIADORES Y DESODORANTES DE PISO,,EL BACHA,PROCENEX,,,,,,,PROCENEX LIMP. PARA PISOS X 5L
291,LL056.0335,2315,PROCENEX LIQUIDO X 1800ML BEBE,21.0,0.0,0.0,193.0,140.0,0.0,193.0,$,,,LIMPIADORES Y DESODORANTES DE PISO,,EL BACHA,PROCENEX,,,,,,,PROCENEX LIMP. PARA PISOS X 1800ML
292,LL054.0030,2317,PROCENEX LIQUIDO X 1800ML BLANCO ** ORIGINAL,21.0,0.0,0.0,245.0,0.0,0.0,225.0,$,,,LIMPIADORES Y DESODORANTES DE PISO,,EL BACHA,PROCENEX,,,,,,,PROCENEX LIMP. PARA PISOS X 1800ML
293,LL056.0339,2311,PROCENEX LIQUIDO X 1800ML FLORES JARDIN,21.0,0.0,0.0,193.0,140.0,0.0,193.0,$,,,LIMPIADORES Y DESODORANTES DE PISO,,EL BACHA,PROCENEX,,,,,,,PROCENEX LIMP. PARA PISOS X 1800ML
294,LL056.0344,2312,PROCENEX LIQUIDO X 1800ML LAVANDA **,21.0,0.0,0.0,193.0,140.0,0.0,193.0,$,,,LIMPIADORES Y DESODORANTES DE PISO,,EL BACHA,PROCENEX,,,,,,,PROCENEX LIMP. PARA PISOS X 1800ML
295,LL056.0341,2313,PROCENEX LIQUIDO X 1800ML LIMON **,21.0,0.0,0.0,193.0,140.0,0.0,193.0,$,,,LIMPIADORES Y DESODORANTES DE PISO,,EL BACHA,PROCENEX,,,,,,,PROCENEX LIMP. PARA PISOS X 1800ML
296,LL056.0347,2314,PROCENEX LIQUIDO X 1800ML MARINA **,21.0,0.0,0.0,193.0,140.0,0.0,193.0,$,,,LIMPIADORES Y DESODORANTES DE PISO,,EL BACHA,PROCENEX,,,,,,,PROCENEX LIMP. PARA PISOS X 1800ML
297,LL056.0350,2316,PROCENEX LIQUIDO X 1800ML PINO **,21.0,0.0,0.0,193.0,140.0,0.0,193.0,$,,,LIMPIADORES Y DESODORANTES DE PISO,,EL BACHA,PROCENEX,,,,,,,PROCENEX LIMP. PARA PISOS X 1800ML
298,LL056.0289,2310,PROCENEX LIQUIDO X 900ML AROMA BEBE **,21.0,0.0,0.0,92.0,0.0,0.0,0.0,$,,,LIMPIADORES Y DESODORANTES DE PISO,,EL BACHA,PROCENEX,,,,,,,PROCENEX LIMP. PARA PISOS X 900ML
299,LL054.0028,2298,PROCENEX LIQUIDO X 900ML BLANCO **,21.0,82.5,45.0,140.0,0.0,0.0,0.0,$,,,LIMPIADORES Y DESODORANTES DE PISO,,EL BACHA,PROCENEX,,,,,,,PROCENEX LIMP. PARA PISOS X 900ML
300,LL054.0028,2299,PROCENEX LIQUIDO X 900ML BRISA BOSQUE,21.0,0.0,0.0,92.0,0.0,0.0,92.0,$,,,LIMPIADORES Y DESODORANTES DE PISO,,EL BACHA,PROCENEX,,,,,,,PROCENEX LIMP. PARA PISOS X 900ML
301,LL056.0296,2300,PROCENEX LIQUIDO X 900ML FLOR JARDIN **,21.0,0.0,0.0,92.0,0.0,0.0,0.0,$,,,LIMPIADORES Y DESODORANTES DE PISO,,EL BACHA,PROCENEX,,,,,,,PROCENEX LIMP. PARA PISOS X 900ML
302,LL056.0299,2301,PROCENEX LIQUIDO X 900ML JAZMIN **,21.0,0.0,0.0,92.0,0.0,0.0,0.0,$,,,LIMPIADORES Y DESODORANTES DE PISO,,EL BACHA,PROCENEX,,,,,,,PROCENEX LIMP. PARA PISOS X 900ML
303,LL056.0302,2303,PROCENEX LIQUIDO X 900ML LAVANDA **,21.0,0.0,0.0,92.0,0.0,0.0,0.0,$,,,LIMPIADORES Y DESODORANTES DE PISO,,EL BACHA,PROCENEX,,,,,,,PROCENEX LIMP. PARA PISOS X 900ML
304,LL056.0304,2304,PROCENEX LIQUIDO X 900ML LIMON **,21.0,0.0,0.0,92.0,0.0,0.0,0.0,$,,,LIMPIADORES Y DESODORANTES DE PISO,,EL BACHA,PROCENEX,,,,,,,PROCENEX LIMP. PARA PISOS X 900ML
305,LL056.0310,2306,PROCENEX LIQUIDO X 900ML MARINA **,21.0,0.0,0.0,92.0,0.0,0.0,0.0,$,,,LIMPIADORES Y DESODORANTES DE PISO,,EL BACHA,PROCENEX,,,,,,,PROCENEX LIMP. PARA PISOS X 900ML
306,LL056.0316,2308,PROCENEX LIQUIDO X 900ML ORQUIDEA **,21.0,0.0,0.0,92.0,0.0,0.0,0.0,$,,,LIMPIADORES Y DESODORANTES DE PISO,,EL BACHA,PROCENEX,,,,,,,PROCENEX LIMP. PARA PISOS X 900ML
307,LL056.0316,2309,PROCENEX LIQUIDO X 900ML PINO **,21.0,0.0,0.0,92.0,0.0,0.0,0.0,$,,,LIMPIADORES Y DESODORANTES DE PISO,,EL BACHA,PROCENEX,,,,,,,PROCENEX LIMP. PARA PISOS X 900ML
308,LL056.0315,2302,PROCENEX LIQUIDO X 900ML VAINILLA **,21.0,0.0,0.0,92.0,0.0,0.0,0.0,$,,,LIMPIADORES Y DESODORANTES DE PISO,,EL BACHA,PROCENEX,,,,,,,PROCENEX LIMP. PARA PISOS X 900ML
309,LI015.0030,2375,RAID 45 NOCHES REPUESTO,21.0,0.0,0.0,450.0,349.0,0.0,349.0,$,,,INSECTICIDAS Y REPELENTES,,EL BACHA,RAID,,,,,,,RAID INSECTICIDAS
310,LI002.0038,2363,RAID AEROSOL AZUL MMM SIN OLOR X 360 CC ** (12UXB),21.0,242.0,45.0,350.9,0.0,0.0,317.0,$,,,INSECTICIDAS Y REPELENTES,,EL BACHA,RAID,,,,,,,RAID INSECTICIDAS
311,LI005.0010,2370,RAID ANTIPOLILLAS VERDE AEROSOL X 360 CC **,21.0,229.9,45.0,333.36,0.0,0.0,279.0,$,,,INSECTICIDAS Y REPELENTES,,EL BACHA,RAID,,,,,,,RAID INSECTICIDAS
312,LI015.0032,2374,RAID APARATO 45 NOCHES+REP,21.0,409.2,45.0,593.34,444.0,0.0,444.0,$,,,INSECTICIDAS Y REPELENTES,,EL BACHA,RAID,,,,,,,RAID INSECTICIDAS
313,LI002.0020,3970,RAID AZUL MMM NUEVA FORMULA AEROSOL 360CC **,21.0,214.5,45.0,311.03,0.0,0.0,286.0,$,,,INSECTICIDAS Y REPELENTES,,EL BACHA,RAID,,,,,,,RAID INSECTICIDAS
314,LI014.0010,3974,RAID CEBO CUCARACHAS X 6UNID **,21.0,0.0,0.0,263.0,263.0,0.0,263.0,$,,,INSECTICIDAS Y REPELENTES,,EL BACHA,,,,,,,,RAID CEBOS CUCARACHAS
315,LI002.0030,2364,RAID DOBLE ACCION X 360 CC,21.0,242.0,45.0,350.9,226.0,0.0,226.0,$,,,INSECTICIDAS Y REPELENTES,,EL BACHA,RAID,,,,,,,RAID INSECTICIDAS
316,LE059.0032,4120,RAID ESPIRALES X 12 UNID ** COUNTRY FRESH (24UXB),21.0,69.3,45.0,100.49,0.0,0.0,95.0,$,,,INSECTICIDAS Y REPELENTES,,EL BACHA,RAID,,,,,,,RAID INSECTICIDAS
317,LI003.0010,2366,RAID EXTERMINADOR CUCARACHAS X 360 CC ** (12UXB),21.0,171.1,45.0,248.1,0.0,0.0,231.0,$,,,INSECTICIDAS Y REPELENTES,,EL BACHA,RAID,,,,,,,RAID INSECTICIDAS
318,LH007.0006,2367,RAID HORMIGAS AEROSOL X 360 CC,21.0,214.5,45.0,311.03,0.0,0.0,271.0,$,,,INSECTICIDAS Y REPELENTES,,EL BACHA,RAID,,,,,,,RAID INSECTICIDAS
319,LI006.0007,2365,RAID INSECTICIDA AEROSOL CASA Y JARDIN X 360 CC **,21.0,192.5,45.0,279.13,0.0,0.0,245.0,$,,,INSECTICIDAS Y REPELENTES,,EL BACHA,RAID,,,,,,,RAID INSECTICIDAS
320,LI002.0020,4394,RAID MATACUCARACHAS AEROSOL 360 CC,21.0,0.0,0.0,335.0,0.0,0.0,0.0,$,,,INSECTICIDAS Y REPELENTES,,EL BACHA,RAID,,,,,,,RAID INSECTICIDAS
321,LI007.0005,2368,RAID MATAPULGAS Y GARRAPATAS X 360 CC **,21.0,405.9,50.0,608.85,470.0,0.0,550.0,$,,,INSECTICIDAS Y REPELENTES,,EL BACHA,RAID,,,,,,,RAID INSECTICIDAS
322,LI003.0012,2369,RAID MAX S/OLOR DORADO CUCARACHAS X 360 CC ** (12UXB),21.0,287.1,45.0,416.3,274.0,0.0,389.0,$,,,INSECTICIDAS Y REPELENTES,,EL BACHA,RAID,,,,,,,RAID INSECTICIDAS
323,LI005.0015,2362,RAID PERCHA ANTIPOLILLAS CONTINUO 3GRS X 2 UN **,21.0,240.9,45.0,349.31,279.0,0.0,280.0,$,,,INSECTICIDAS Y REPELENTES,,EL BACHA,RAID,,,,,,,RAID INSECTICIDAS
324,LI015.0032,2376,RAID VAPE APARATO ECONOMICO + 4 TABLETAS,21.0,317.9,45.0,460.96,295.0,0.0,295.0,$,,,INSECTICIDAS Y REPELENTES,,EL BACHA,RAID,,,,,,,RAID INSECTICIDAS
325,LI015.0037,3187,RAID VAPE TABLETAS X 24 U **,21.0,166.1,45.0,240.85,196.0,0.0,238.0,$,,,INSECTICIDAS Y REPELENTES,,EL BACHA,RAID,,,,,,,RAID INSECTICIDAS
326,LQ001.0018,4093,REX QUITAMANCHAS AEROSOL 180CC **,21.0,258.0,50.0,387.0,0.0,0.0,0.0,$,,,QUITAMANCHAS Y PRELAVADOS,,EL BACHA,REX,,,,,,,REX LIMPIADOR
327,PJ001.0105,2859,REXONA JABON TOCADOR  125 GRS (72UXB)**,21.0,0.0,0.0,49.0,0.0,0.0,0.0,$,,,JABONES -ROPA- MANOS,,EL BACHA,REXONA,,,,,,,REXONA JABON TOCADOR
328,LA050.0010,3771,ROBIN APRESTO LIQUIDO DOY PACK,21.0,71.5,45.0,103.68,0.0,0.0,0.0,$,,,VARIOS,,EL BACHA,ROBIN,,,,,,,ROBIN APRESTO
329,LL091.0012,2386,RUGBEE ALFOMBRAS AEROSOL X 400 CC **,21.0,302.5,50.0,453.75,0.0,0.0,0.0,$,,,LIMPIADORES ESPECIFICOS,,EL BACHA,RUGBEE,,,,,,,RUGBEE LIMPIALFOMBRAS
330,LS005.0051,2719,SACCHI SECADOR GOMA NEGRO 26 CM (6UXB) **,21.0,205.7,60.0,329.12,0.0,0.0,230.0,$,,,SECADORES Y SOPAPAS,,EL BACHA,SACCHI,,,,,,,SACCHI SECADOR GOMA
331,LS005.0052,2674,SACCHI SECADOR GOMA NEGRO 40CM (6UXB) **,21.0,257.4,60.0,411.84,0.0,0.0,386.1,$,,791624000028.0,SECADORES Y SOPAPAS,,EL BACHA,SACCHI,,,,,,,SACCHI SECADOR GOMA
332,LS005.0053,2718,SACCHI SECADOR GOMA NEGRO 50CM (6UXB) **,21.0,357.4,60.0,571.84,371.0,0.0,536.1,$,,791624000035.0,SECADORES Y SOPAPAS,,EL BACHA,SACCHI,,,,,,,SACCHI SECADOR GOMA
333,LJ002.0009,4140,SEISEME JABON EN PAN X 300 GRS (50UXB) **,21.0,85.8,45.0,124.41,0.0,0.0,0.0,$,,,JABON EN PAN,,EL BACHA,SEISEME,,,,,,,SEISEME JABON EN PAN
334,LA007.0102,2455,SILISUR REVIVIDOR GOMAS X 500/600 CC **,21.0,226.0,60.0,361.6,234.14,0.0,234.14,$,,,AUTOMOTORES,,EL BACHA,SILISUR,,,,,,,SILISUR REVIVIDOR
335,LA007.0091,2466,SILISUR SHAMPOO LAVA AUTOS X 600 CC **,21.0,269.5,60.0,431.2,0.0,0.0,363.0,$,,,AUTOMOTORES,,EL BACHA,SILISUR,,,,,,,SILISUR SHAMPOO
336,LA007.0052,4286,SILISUR SILICONA AUTO AEROSOL X 260CC FRANCES **,21.0,284.9,50.0,427.35,0.0,0.0,405.0,$,,,AUTOMOTORES,,EL BACHA,SILISUR,,,,,,,SILISUR SILICONAS
337,LA007.0054,4287,SILISUR SILICONA AUTO AEROSOL X 260CC LAVANDA **,21.0,284.9,50.0,427.35,0.0,0.0,405.0,$,,,AUTOMOTORES,,EL BACHA,SILISUR,,,,,,,SILISUR SILICONAS
338,LA007.0056,4288,SILISUR SILICONA AUTO AEROSOL X 260CC MANZANA **,21.0,284.9,50.0,427.35,0.0,0.0,405.0,$,,,AUTOMOTORES,,EL BACHA,SILISUR,,,,,,,SILISUR SILICONAS
339,LA007.0060,4289,SILISUR SILICONA AUTO AEROSOL X 260CC NEW CAR **,21.0,284.9,50.0,427.35,0.0,0.0,405.0,$,,,AUTOMOTORES,,EL BACHA,SILISUR,,,,,,,SILISUR SILICONAS
340,LA007.0062,4290,SILISUR SILICONA AUTO AEROSOL X 260CC PINO **,21.0,284.9,50.0,427.35,0.0,0.0,405.0,$,,,AUTOMOTORES,,EL BACHA,SILISUR,,,,,,,SILISUR SILICONAS
341,LL084.0011,4533,SILVO LIMPIAMETALES LIQUIDO 504ML,21.0,0.0,0.0,421.0,0.0,0.0,0.0,$,,,LIMPIADORES ESPECIFICOS,,EL BACHA,SILVO,,,,,,,SILVO LIMPIAMETALES
342,LD068.0036,2474,SKIP JABON EN POLVO BOLSA INDUSTRIAL X 10 KG **,21.0,1166.0,45.0,1690.7,0.0,0.0,0.0,$,,,JABONES PARA ROPA,,EL BACHA,SKIP,,,,,,,SKIP JABON EN POLVO
343,LD074.0006,4425,SKIP JABON LIQUIDO P/DILUIR  X 500CC **,21.0,445.0,50.0,667.5,0.0,0.0,0.0,$,,,JABONES PARA ROPA,,EL BACHA,SKIP,,,,,,,SKIP JABON LIQUIDO
344,LD068.0036,3917,SKIP JABON LIQUIDO ROPA BIDON X 5 LTS **,21.0,845.9,45.0,1226.56,636.0,0.0,636.0,$,,,JABONES PARA ROPA,,EL BACHA,SKIP,,,,,,,SKIP JABON LIQUIDO
345,LD072.0080,3863,SKIP LIQUIDO BAJA ESPUMA DOY PACK 3 LTS (4UXB)**,21.0,490.6,45.0,711.37,0.0,0.0,708.0,$,,,JABONES PARA ROPA,,EL BACHA,SKIP,,,,,,,SKIP JABON LIQUIDO
346,LD067.0012,4116,SKIP POLVO BOLSA X 600 GRS **,21.0,0.0,0.0,178.0,0.0,0.0,0.0,$,,,JABONES PARA ROPA,,EL BACHA,SKIP,,,,,,,SKIP JABON EN POLVO
347,LC025.0027,2495,"SUIZA CERA LIQUIDA X 850CC ""NATURAL"" **",21.0,306.9,45.0,445.01,0.0,0.0,0.0,$,,,CERAS Y REMOVEDORES,,EL BACHA,SUIZA,,,,,,,SUIZA CERA LIQUIDA X 850CC
348,LC025.0029,2496,"SUIZA CERA LIQUIDA X 850CC ""ROBLE CLARO"" **",21.0,306.9,45.0,445.01,0.0,0.0,0.0,$,,,CERAS Y REMOVEDORES,,EL BACHA,SUIZA,,,,,,,SUIZA CERA LIQUIDA X 850CC
349,LC025.0031,2497,"SUIZA CERA LIQUIDA X 850CC ""ROBLE OSCURO"" **",21.0,306.9,45.0,445.01,0.0,0.0,421.0,$,,,CERAS Y REMOVEDORES,,EL BACHA,SUIZA,,,,,,,SUIZA CERA LIQUIDA X 850CC
350,LC025.0040,3317,SUIZA CERA PASTA NATURAL X 450 GRS **,21.0,335.5,50.0,503.0,0.0,0.0,0.0,$,,,CERAS Y REMOVEDORES,,EL BACHA,SUIZA,,,,,,,SUIZA CERA PASTA 450GR
351,LC025.0041,4341,SUIZA CERA PASTA ROBLE CLARO 450GRS **,21.0,335.5,50.0,503.0,0.0,0.0,0.0,$,,,CERAS Y REMOVEDORES,,EL BACHA,SUIZA,,,,,,,SUIZA CERA PASTA 450GR
352,LC025.0042,2504,SUIZA CERA PASTA ROBLE OSCURO 450GRS **,21.0,335.5,50.0,503.0,0.0,0.0,0.0,$,,,CERAS Y REMOVEDORES,,EL BACHA,SUIZA,,,,,,,SUIZA CERA PASTA 450GR
353,LC037.0010,2509,SUIZA CERA PISOS PLASTIFICADOS X 850 (12UXB)**,21.0,233.2,50.0,349.8,0.0,0.0,350.0,$,,,PISOS PLASTIFICADOS Y FLOTANTES,,EL BACHA,SUIZA,,,,,,,SUIZA PISOS PLASTIFICADOS
354,LL063.0030,2510,SUIZA LIMPIA PISOS PLASTIFICADOS X 900 CC **,21.0,181.5,45.0,263.18,0.0,0.0,0.0,$,,,PISOS PLASTIFICADOS Y FLOTANTES,,EL BACHA,SUIZA,,,,,,,SUIZA LIMPIA PISOS PLASTIFICADOS
355,LL108.0040,3423,SUIZA LUSTRAMUEBLES AERO 360 CC. LAVANDA (12UXB) **,21.0,126.5,45.0,183.43,0.0,0.0,180.0,$,,,LUSTRAMUEBLES,,EL BACHA,SUIZA,,,,,,,SUIZA LUSTRAMUEBLES
356,LL108.0038,3424,SUIZA LUSTRAMUEBLES AEROSOL 360 CC. CLASICO (12UXB) **,21.0,126.5,45.0,183.43,0.0,0.0,180.0,$,,,LUSTRAMUEBLES,,EL BACHA,SUIZA,,,,,,,SUIZA LUSTRAMUEBLES
357,LR013.0008,4096,SUIZA QUITACERAS AUTOBRILLO 850CC **,21.0,0.0,0.0,421.0,0.0,0.0,0.0,$,,,CERAS Y REMOVEDORES,,EL BACHA,SUIZA,,,,,,,SUIZA QUITACERAS
358,LR012.0008,2512,SUIZA REMOVEDOR DE CERA PISOS DE MADERA X 850 CC M**,21.0,324.5,45.0,470.53,0.0,0.0,0.0,$,,,CERAS Y REMOVEDORES,,EL BACHA,SUIZA,,,,,,,SUIZA QUITACERAS
359,LR015.0012,3900,SUIZA RESTAURADOR DE MUEBLES 200CC,21.0,0.0,0.0,359.0,290.0,0.0,359.0,$,,,CERAS Y REMOVEDORES,,EL BACHA,,,,,,,,
360,LT012.0030,2544,TEXAS TRAPO DE PISO NIDO DE ABEJA 45 X 60 CM (60UXB) **,21.0,214.5,55.0,332.48,0.0,0.0,311.0,$,,,TRAPOS DE PISO,,EL BACHA,TEXAS,,,,,,,TEXAS TRAPO DE PISO
361,LP080.0032,4092,TRENET DOYPACK EF/ESPUMA X400CC **,21.0,0.0,0.0,126.0,0.0,0.0,126.0,$,,,LIMPIADORES ESPECIFICOS,,EL BACHA,TRENET,,,,,,,TRENET QUITAMANCHAS
362,LP080.0038,2552,TRENET OXI DOYPACK  X 250 CC,21.0,56.87,50.0,85.31,0.0,0.0,0.0,$,,,QUITAMANCHAS Y PRELAVADOS,,EL BACHA,TRENET,,,,,,,TRENET QUITAMANCHAS
363,LP080.0038,2553,TRENET OXI DOYPACK X 400 CC **,21.0,72.6,45.0,124.0,79.0,0.0,124.0,$,,,QUITAMANCHAS Y PRELAVADOS,,EL BACHA,TRENET,,,,,,,TRENET QUITAMANCHAS
364,LP080.0025,2547,TRENET PRELAVADO BOLILLA X 120 GR **,21.0,0.0,0.0,150.0,0.0,0.0,150.0,$,,,QUITAMANCHAS Y PRELAVADOS,,EL BACHA,TRENET,,,,,,,TRENET PRELAVADO
365,LP080.0028,2550,TRENET PRELAVADO GATILLO X 500 CC,21.0,0.0,0.0,279.0,181.0,0.0,279.0,$,,,QUITAMANCHAS Y PRELAVADOS,,EL BACHA,TRENET,,,,,,,TRENET QUITAMANCHAS
366,LA018.0018,4079,TRIUNFO ACAROINA FLUIDO X 1 LT,21.0,242.0,50.0,363.0,0.0,0.0,305.0,$,,,BACTERICIDAS Y DESINFECTANTES,,EL BACHA,TRIUNFO,,,,,,,TRIUNFO DESINFECTANTE
367,LA018.0020,2557,TRIUNFO FLUIDO DEINFECTANTE ACAROINA LATA X 4 L,21.0,1072.5,50.0,1608.75,0.0,0.0,1353.0,$,,,BACTERICIDAS Y DESINFECTANTES,,EL BACHA,TRIUNFO,,,,,,,TRIUNFO DESINFECTANTE
368,LA018.0016,2556,TRIUNFO FLUIDO DESINFECTANTE ACAROINA X 500 CC (12UXB) **,21.0,159.5,50.0,239.25,0.0,0.0,0.0,$,,,BACTERICIDAS Y DESINFECTANTES,,EL BACHA,TRIUNFO,,,,,,,TRIUNFO DESINFECTANTE
369,LQ001.0040,4428,VANISH O2 POTE ROSA,21.0,0.0,0.0,444.0,0.0,0.0,444.0,$,,,QUITAMANCHAS Y PRELAVADOS,,EL BACHA,VANISH,,,,,,,VANISH QUITAMANCHAS
370,LQ001.0032,4094,VANISH POWER GEL CON CABEZAL  200 ML **,21.0,280.5,45.0,406.73,0.0,0.0,140.0,$,,,QUITAMANCHAS Y PRELAVADOS,,EL BACHA,VANISH,,,,,,,VANISH QUITAMANCHAS
371,LQ001.0048,2569,VANISH WHITE O2 POTE X 450 GRS **,21.0,295.9,45.0,429.06,0.0,0.0,444.0,$,,,QUITAMANCHAS Y PRELAVADOS,,EL BACHA,VANISH,,,,,,,VANISH QUITAMANCHAS
372,LR015.0004,2575,VENIER RESTAURADOR X 125CC CLARO,21.0,0.0,0.0,553.0,0.0,0.0,0.0,$,,,LUSTRAMUEBLES,,EL BACHA,VENIER,,,,,,,VENIER RESTAURADOR
373,LR015.0005,2576,VENIER RESTAURADOR X 125CC MEDIO,21.0,0.0,0.0,553.0,0.0,0.0,0.0,$,,,LUSTRAMUEBLES,,EL BACHA,VENIER,,,,,,,VENIER RESTAURADOR
374,LR015.0007,2577,VENIER RESTAURADOR X 125CC OSCURO,21.0,0.0,0.0,553.0,0.0,0.0,0.0,$,,,LUSTRAMUEBLES,,EL BACHA,VENIER,,,,,,,VENIER RESTAURADOR
375,LL084.0016,2578,VENUS LIMPIAMETALES N 3 X 225 CC,21.0,159.5,45.0,231.28,0.0,0.0,213.0,$,,,LIMPIADORES ESPECIFICOS,,EL BACHA,VENUS,,,,,,,VENUS LIMPIAMETALES
376,LL084.0018,2579,VENUS LIMPIAMETALES N 4 X 425CC **,21.0,225.5,45.0,326.98,0.0,0.0,300.0,$,,,LIMPIADORES ESPECIFICOS,,EL BACHA,VENUS,,,,,,,VENUS LIMPIAMETALES
377,LL084.0020,2580,VENUS LIMPIAMETALES N 5 X 900CC **,21.0,322.3,45.0,467.34,0.0,0.0,437.0,$,,,LIMPIADORES ESPECIFICOS,,EL BACHA,VENUS,,,,,,,VENUS LIMPIAMETALES
378,LL084.0025,2582,VIEW LIMPIAVIDRIOS AEROSOL X 400 CC **,21.0,0.0,0.0,316.0,0.0,0.0,316.0,$,,,LIMPIADORES ESPECIFICOS,,EL BACHA,VIEW,,,,,,,VIEW LIMPIADOR
379,LL044.0034,2601,VIM LAVANDINA GEL CITRUS X 750 ML,21.0,0.0,0.0,140.0,0.0,0.0,140.0,$,,,LAVANDINAS Y CLORO,,EL BACHA,VIM,,,,,,,VIM LAVANDINAS
380,LL044.0036,2602,VIM LAVANDINA GEL FLORAL X 750 ML,21.0,0.0,0.0,140.0,0.0,0.0,140.0,$,,,LAVANDINAS Y CLORO,,EL BACHA,VIM,,,,,,,VIM LAVANDINAS
381,LL044.0038,2603,VIM LAVANDINA GEL LAVANDA X 750 ML,21.0,0.0,0.0,140.0,0.0,0.0,140.0,$,,,LAVANDINAS Y CLORO,,EL BACHA,VIM,,,,,,,VIM LAVANDINAS
382,LL044.0040,2600,VIM LAVANDINA GEL ORIGINAL X 750 ML (12UXB) M**,21.0,93.5,45.0,135.58,0.0,0.0,140.0,$,,,LAVANDINAS Y CLORO,,EL BACHA,VIM,,,,,,,VIM LAVANDINAS
383,LP014.0073,4033,VIRULANA MICROFIBRA VIDRIOS 32X32 CM,21.0,0.0,0.0,310.0,0.0,0.0,310.0,$,,,REJILLAS Y PAÑOS,,EL BACHA,VIRULANA,,,,,,,VIRULANA MICROFIBRA
384,LS032.0026,2623,VIVERE SACHETS X 900ML VIOLETAS Y FLORES BLANCAS (12UXB)**,21.0,106.7,45.0,154.72,127.0,0.0,149.0,$,,,SUAVIZANTES,,EL BACHA,VIVERE,,,,,,,VIVERE SUAVIZANTE X900ML.
385,LP014.0073,3975,VIVERE SUAVIZANTE CLASICO SACHET 3 LTS M**,21.0,357.5,45.0,518.38,0.0,0.0,518.0,$,,,SUAVIZANTES,,EL BACHA,VIVERE,,,,,,,VIVERE SACHETS
386,LS032.0018,2622,VIVERE SUAVIZANTE D/P X 900ML CLASICO (12UXB) **,21.0,106.7,45.0,154.72,0.0,0.0,0.0,$,,,SUAVIZANTES,,EL BACHA,VIVERE,,,,,,,VIVERE SUAVIZANTE X900ML.
387,LS035.0040,3816,VIVERE SUAVIZANTE PROFESIONAL BIDON 5 LTS M**,21.0,467.5,45.0,677.88,558.0,0.0,558.0,$,,,SUAVIZANTES,,EL BACHA,VIVERE,,,,,,,VIVERE BIDON
388,LP070.0030,4281,WASSINGOTN LIQUIDA BLANCA 60 ML **,21.0,0.0,0.0,262.0,0.0,0.0,262.0,$,,,LIMPIADORES DE CALZADO,,EL BACHA,WASSINGTON,,,,,,,WASSINGTON POMADA LIQUIDA
389,LP069.0022,4278,WASSINGTON BRILLO ESPONJA NEGRO **,21.0,0.0,0.0,229.0,0.0,0.0,229.0,$,,,LIMPIADORES DE CALZADO,,EL BACHA,WASSINGTON,,,,,,,WASSINGTON ESPONJA
390,LP069.0020,4276,WASSINGTON BRILLO ESPONJA NEUTRO **,21.0,0.0,0.0,229.0,0.0,0.0,229.0,$,,,LIMPIADORES DE CALZADO,,EL BACHA,WASSINGTON,,,,,,,WASSINGTON ESPONJA
391,LP069.0021,4277,WASSINGTON BRILLO ESPONJA NMARRON **,21.0,0.0,0.0,229.0,0.0,0.0,229.0,$,,,LIMPIADORES DE CALZADO,,EL BACHA,WASSINGTON,,,,,,,WASSINGTON ESPONJA
392,LP070.0031,4282,WASSINGTON LIQUIDA MARRON 60 ML **,21.0,0.0,0.0,262.0,0.0,0.0,262.0,$,,,LIMPIADORES DE CALZADO,,EL BACHA,WASSINGTON,,,,,,,WASSINGTON POMADA LIQUIDA
393,LP070.0032,4283,WASSINGTON POMADA LIQUIDA NEGRA 60 ML **,21.0,0.0,0.0,262.0,0.0,0.0,262.0,$,,,LIMPIADORES DE CALZADO,,EL BACHA,WASSINGTON,,,,,,,WASSINGTON POMADA LIQUIDA
394,LP069.0012,3847,WASSINGTON POMADA MARRON PREMIUM 30 GRS **,21.0,0.0,0.0,130.0,107.0,0.0,107.0,$,,,LIMPIADORES DE CALZADO,,EL BACHA,WASSINGTON,,,,,,,WASSINGTON POMADA
395,LP014.0073,4273,WASSINGTON PROTECTOR NOBOUK 180 CC **,21.0,0.0,0.0,460.0,0.0,0.0,460.0,$,,,LIMPIADORES DE CALZADO,,EL BACHA,WASSINGTON,,,,,,,WASSINGTON PROTECTOR NOBOUK
396,LL093.0010,4271,WASSINGTON RENOVADOR MARRON 180 ML **,21.0,0.0,0.0,388.0,0.0,0.0,388.0,$,,,LIMPIADORES DE CALZADO,,EL BACHA,WASSINGTON,,,,,,,WASSINGTON RENOVADOR
397,LL093.0011,4272,WASSINGTON RENOVADOR MARRON CLARO 180 ML **,21.0,0.0,0.0,388.0,0.0,0.0,388.0,$,,,LIMPIADORES DE CALZADO,,EL BACHA,WASSINGTON,,,,,,,WASSINGTON RENOVADOR
398,LL093.0012,4280,WASSINGTON RENOVADOR NEGRO **,21.0,0.0,0.0,388.0,0.0,0.0,388.0,$,,,LIMPIADORES DE CALZADO,,EL BACHA,WASSINGTON,,,,,,,WASSINGTON RENOVADOR
399,LD078.0015,4265,WOOLITE  BLACK BOTELLA X 450 CC **,21.0,0.0,0.0,188.66,0.0,0.0,188.66,$,,,JABONES PARA ROPA,,EL BACHA,WOOLITE,,,,,,,WOOLITE JABON PARA ROPA
400,LD078.0013,2646,WOOLITE LAVARROPA BLACK  DOYPACK 450ML **,21.0,0.0,0.0,172.0,0.0,0.0,172.0,$,,,JABONES PARA ROPA,,EL BACHA,WOOLITE,,,,,,,WOOLITE JABON PARA ROPA
401,LD077.0013,4114,WOOLITE MANO BEBE DOYPACK 450ML **,21.0,0.0,0.0,172.0,0.0,0.0,172.0,$,,,LIMPIADORES ESPECIFICOS,,EL BACHA,WOOLITE,,,,,,,WOOLITE JABON PARA ROPA
402,LD077.0013,4115,WOOLITE MATIC BEBE DOYPACK 450ML **,21.0,0.0,0.0,172.0,0.0,0.0,172.0,$,,,LIMPIADORES ESPECIFICOS,,EL BACHA,WOOLITE,,,,,,,WOOLITE JABON PARA ROPA
403,LD078.0038,4266,WOOLITE TODOS LOS DIAS BOTELLA X 450 ML **,21.0,0.0,0.0,188.66,0.0,0.0,188.66,$,,,JABONES PARA ROPA,,EL BACHA,WOOLITE,,,,,,,WOOLITE JABON PARA ROPA
404,LD078.0033,3004,WOOLITE TODOS LOS DIAS DOYPACK 450ML**,21.0,125.77,50.0,188.66,0.0,0.0,155.0,$,,,SUAVIZANTES,,EL BACHA,WOOLITE,,,,,,,WOOLITE JABON PARA ROPA
